ADDR	KRATOS_KIND	KRATOS_NAME	KRATOS_LOC	PHOBOS_KIND	PHOBOS_NAME	PHOBOS_LOC
004147F9	HOOK	AircraftClass_Draw_Shadow_SkipPhobos	Hooks/AircraftExtHook.cpp:62	HOOK	AircraftClass_Draw_Shadow	Ext/TechnoType/Hooks.MatrixOp.cpp:927
00418506	HOOK	AircraftClass_Mission_Attack_FireDone	Hooks/AircraftExtHook.cpp:451	HOOK	AircraftClass_Mission_Attack_Delay1B	Ext/Aircraft/Hooks.cpp:244
004186B6	HOOK	AircraftClass_Mission_Attack5_HoverFireTwice	Hooks/AircraftExtHook.cpp:476	HOOK	AircraftClass_Mission_Attack_FireAtTarget2_BurstFix	Ext/Aircraft/Hooks.cpp:132
0041A96C	HOOK	AircraftClass_Mission_GuardArea_NoTarget_Enter	Hooks/AircraftExtHook.cpp:285	HOOK	AircraftClass_Mission_AreaGuard	Ext/Aircraft/Hooks.cpp:821
0041AA80	HOOK	AircraftClass_AssignDestination_SyncLog	Utilities/SyncLogging.cpp:345	HOOK	AircraftClass_AssignDestination_SyncLog	Misc/SyncLogging.cpp:466
0041BB30	HOOK	AircraftClass_OverrideMission_SyncLog	Utilities/SyncLogging.cpp:391	HOOK	AircraftClass_OverrideMission_SyncLog	Misc/SyncLogging.cpp:512
0041D604	HOOK	AirstrikeClass_PointerGotInvalid_ResetForTarget	Hooks/AirstrikeExtHook.cpp:213	HOOK	AirstrikeClass_PointerGotInvalid_ResetForTarget	Ext/Techno/Hooks.Airstrike.cpp:126
0041D97B	HOOK	AirstrikeClass_Setup_SkipBuildingCheck	Hooks/AirstrikeExtHook.cpp:71	HOOK	AirstrikeClass_Fire_SetAirstrike	Ext/Techno/Hooks.Airstrike.cpp:34
0041DA52	HOOK	AirstrikeClass_ResetTarget_OriginalTarget	Hooks/AirstrikeExtHook.cpp:88	HOOK	AirstrikeClass_ResetTarget_OriginalTarget	Ext/Techno/Hooks.Airstrike.cpp:47
0041DA80	HOOK	AirstrikeClass_ResetTarget_NewTarget	Hooks/AirstrikeExtHook.cpp:98	HOOK	AirstrikeClass_ResetTarget_NewTarget	Ext/Techno/Hooks.Airstrike.cpp:56
0041DAA4	HOOK	AirstrikeClass_ResetTarget_ResetForOldTarget	Hooks/AirstrikeExtHook.cpp:108	HOOK	AirstrikeClass_ResetTarget_ResetForOldTarget	Ext/Techno/Hooks.Airstrike.cpp:65
0041DAD4	HOOK	AirstrikeClass_Reset	Hooks/AirstrikeExtHook.cpp:166	HOOK	AirstrikeClass_ResetTarget_ResetForNewTarget	Ext/Techno/Hooks.Airstrike.cpp:76
0041DBD4	HOOK	AirstrikeClass_ClearTarget	Hooks/AirstrikeExtHook.cpp:180	HOOK	AirstrikeClass_Stop_ResetForTarget	Ext/Techno/Hooks.Airstrike.cpp:88
00422126	HOOK	AnimClass_CTOR	Hooks/AnimExtHook.cpp:27	HOOK	AnimClass_CTOR_NullType	Ext/Anim/Body.cpp:550
00422967	HOOK	AnimClass_DTOR	Hooks/AnimExtHook.cpp:40	HOOK	AnimClass_DTOR	Ext/Anim/Body.cpp:570
004242E1	HOOK	AnimClass_Trailer_Remap	Hooks/AnimExtHook.cpp:231	HOOK	AnimClass_AI_TrailerAnim	Ext/Anim/Hooks.cpp:184
00424807	HOOK	AnimClass_Next	Hooks/AnimExtHook.cpp:152	HOOK	AnimClass_AI_Next	Ext/Anim/Hooks.cpp:246
0042784B	HOOK	AnimTypeClass_CTOR	Hooks/AnimTypeExtHook.cpp:10	HOOK	AnimTypeClass_CTOR	Ext/AnimType/Body.cpp:257
004287DC	HOOK	AnimTypeClass_LoadFromINI	Hooks/AnimTypeExtHook.cpp:54	HOOK	AnimTypeClass_LoadFromINI	Ext/AnimType/Body.cpp:274
00428EA8	HOOK	AnimTypeClass_SDDTOR	Hooks/AnimTypeExtHook.cpp:21	HOOK	AnimTypeClass_SDDTOR	Ext/AnimType/Body.cpp:265
0043F9E0	HOOK	BuildingClass_Mark_Airstrike	Hooks/AirstrikeExtHook.cpp:434	HOOK	BuildingClass_Mark_Airstrike	Ext/Techno/Hooks.Airstrike.cpp:211
00443B90	HOOK	BuildingClass_AssignTarget_SyncLog	Utilities/SyncLogging.cpp:318	HOOK	BuildingClass_AssignTarget_SyncLog	Misc/SyncLogging.cpp:439
00448DF1	HOOK	BuildingClass_SetOwningHouse_Airstrike	Hooks/AirstrikeExtHook.cpp:447	HOOK	BuildingClass_SetOwningHouse_Airstrike	Ext/Techno/Hooks.Airstrike.cpp:220
00451ABC	HOOK	BuildingClass_PlayAnim_Airstrike	Hooks/AirstrikeExtHook.cpp:460	HOOK	BuildingClass_PlayAnim_Airstrike	Ext/Techno/Hooks.Airstrike.cpp:229
00452041	HOOK	BuildingClass_452000_Airstrike	Hooks/AirstrikeExtHook.cpp:473	HOOK	BuildingClass_452000_Airstrike	Ext/Techno/Hooks.Airstrike.cpp:238
00455D50	HOOK	BuildingClass_AssignDestination_SyncLog	Utilities/SyncLogging.cpp:356	HOOK	BuildingClass_AssignDestination_SyncLog	Misc/SyncLogging.cpp:477
00456E5A	HOOK	BuildingClass_Flash_Airstrike	Hooks/AirstrikeExtHook.cpp:486	HOOK	BuildingClass_Flash_Airstrike	Ext/Techno/Hooks.Airstrike.cpp:247
004664BA	HOOK	BulletClass_CTOR	Hooks/BulletExtHook.cpp:27	HOOK	BulletClass_CTOR	Ext/Bullet/Body.cpp:547
00466556	HOOK	BulletClass_Init	Hooks/BulletExtHook.cpp:84	HOOK	BulletClass_Init	Ext/Bullet/Hooks.cpp:8
004665E9	HOOK	BulletClass_DTOR	Hooks/BulletExtHook.cpp:40	HOOK	BulletClass_DTOR	Ext/Bullet/Body.cpp:556
004666F7	HOOK	BulletClass_Update	Hooks/BulletExtHook.cpp:112	HOOK	BulletClass_AI	Ext/Bullet/Hooks.cpp:53
004666F7	HOOK	BulletClass_Update	Hooks/BulletExtHook.cpp:112	HOOK	BulletClass_AI_Trajectories	Ext/Bullet/Trajectories/PhobosTrajectory.cpp:436
0046745C	HOOK	BulletClass_Update_ChangeVelocity	Hooks/BulletExtHook.cpp:294	HOOK	BulletClass_AI_Position_Trajectories	Ext/Bullet/Trajectories/PhobosTrajectory.cpp:502
00467E53	HOOK	BulletClass_AI_PreDetonation_Vector	Hooks/BulletExtHook.cpp:361	HOOK	BulletClass_AI_PreDetonation_Trajectories	Ext/Bullet/Trajectories/PhobosTrajectory.cpp:490
004690C1	HOOK	BulletClass_Detonate	Hooks/BulletExtHook.cpp:139	HOOK	BulletClass_Logics_DetonateOnAllMapObjects	Ext/Bullet/Hooks.DetonateLogics.cpp:80
00469A75	HOOK	BulletClass_Detonate_GetHouse	Hooks/BulletExtHook.cpp:165	HOOK	BulletClass_Logics_DamageHouse	Ext/Bullet/Hooks.DetonateLogics.cpp:67
00469C46	HOOK	BulletClass_Detonate_WHAnim_Remap	Hooks/BulletExtHook.cpp:184	HOOK	BulletClass_Logics_DamageAnimSelected	Ext/Bullet/Hooks.DetonateLogics.cpp:314
0046BDD9	HOOK	BulletTypeClass_CTOR	Hooks/BulletTypeExtHook.cpp:10	HOOK	BulletTypeClass_CTOR	Ext/BulletType/Body.cpp:224
0046C41C	HOOK	BulletTypeClass_LoadFromINI	Hooks/BulletTypeExtHook.cpp:56	HOOK	BulletTypeClass_LoadFromINI	Ext/BulletType/Body.cpp:241
0046C8B6	HOOK	BulletTypeClass_SDDTOR	Hooks/BulletTypeExtHook.cpp:21	HOOK	BulletTypeClass_SDDTOR	Ext/BulletType/Body.cpp:233
0048A551	HOOK	WarheadTypeClass_AnimList_SplashList	Hooks/WarheadTypeExtHook.cpp:71	HOOK	WarheadTypeClass_AnimList_SplashList	Ext/WarheadType/Hooks.cpp:187
004AE95E	HOOK	DisplayClass_sub_4AE750_DisallowBuildingNonAttackPlanning	Hooks/BuildingExtHook.cpp:90	HOOK	DisplayClass_sub_4AE750_DisallowBuildingNonAttackPlanning	Ext/Building/Hooks.cpp:888
004C1E42	HOOK	EBolt_CTOR	Hooks/EBoltExtHook.cpp:23	HOOK	EBolt_CTOR	Ext/EBolt/Body.cpp:79
004C20BC	HOOK	EBolt_Draw_Arcs	Hooks/EBoltExtHook.cpp:110	HOOK	EBolt_DrawArcs	Ext/EBolt/Hooks.cpp:57
004C24C3	HOOK	EBolt_DrawFirst_Color	Hooks/EBoltExtHook.cpp:120	HOOK	EBolt_DrawFirst_Color	Ext/EBolt/Hooks.cpp:68
004C25D0	HOOK	EBolt_DrawSecond_Color	Hooks/EBoltExtHook.cpp:130	HOOK	EBolt_DrawSecond_Color	Ext/EBolt/Hooks.cpp:78
004C26D5	HOOK	EBolt_DrawThird_Color	Hooks/EBoltExtHook.cpp:140	HOOK	EBolt_DrawThird_Color	Ext/EBolt/Hooks.cpp:88
004C2951	HOOK	EBolt_DTOR	Hooks/EBoltExtHook.cpp:31	HOOK	EBolt_DTOR	Ext/EBolt/Body.cpp:88
004C9300	HOOK	FacingClass_Set_SyncLog	Utilities/SyncLogging.cpp:295	HOOK	FacingClass_Set_SyncLog	Misc/SyncLogging.cpp:416
004D8F40	HOOK	FootClass_OverrideMission_SyncLog	Utilities/SyncLogging.cpp:402	HOOK	FootClass_OverrideMission_SyncLog	Misc/SyncLogging.cpp:523
004DDD66	HOOK	FootClass_IsLandZoneClear_ReplaceHardcode	Hooks/AircraftExtHook.cpp:577	HOOK	FootClass_IsLandZoneClear_ReplaceHardcode	Ext/Aircraft/Hooks.cpp:532
004F4583	HOOK	GScreenClass_Render_Late	Hooks/GScreenHook.cpp:27	HOOK	GScreenClass_DrawText	Phobos.cpp:329
004F6532	HOOK	HouseClass_CTOR	Hooks/HouseExtHook.cpp:16	HOOK	HouseClass_CTOR	Ext/House/Body.cpp:1139
004F7371	HOOK	HouseClass_DTOR	Hooks/HouseExtHook.cpp:28	HOOK	HouseClass_DTOR	Ext/House/Body.cpp:1149
0050114D	HOOK	HouseClass_InitFromINI	Hooks/HouseExtHook.cpp:62	HOOK	HouseClass_InitFromINI	Ext/House/Body.cpp:1158
005194EF	HOOK	InfantryClass_DrawIt_InAir_Shadow_Skip	Hooks/InfantryExtHook.cpp:17	HOOK	InfantryClass_DrawIt_DrawShadow	Misc/Hooks.BugFixes.cpp:2749
0051AA40	HOOK	InfantryClass_AssignDestination_SyncLog	Utilities/SyncLogging.cpp:367	HOOK	InfantryClass_AssignDestination_SyncLog	Misc/SyncLogging.cpp:488
0051B1F0	HOOK	InfantryClass_AssignTarget_SyncLog	Utilities/SyncLogging.cpp:307	HOOK	InfantryClass_AssignTarget_SyncLog	Misc/SyncLogging.cpp:428
0051EAE0	HOOK	InfantryClass_WhatAction_Cursor	Hooks/AirstrikeExtHook.cpp:33	HOOK	TechnoClass_WhatAction_AllowAirstrike	Ext/Techno/Hooks.Airstrike.cpp:160
0052F639	HOOK	YR_CmdLineParse	Hooks/GeneralHook.cpp:45	HOOK	_YR_CmdLineParse	Phobos.cpp:289
0054D600	HOOK	JumpjetLocomotionClass_MovingUpdate_DontTurnInCell	Hooks/TechnoExtHook.cpp:1137	HOOK	JumpjetLocomotionClass_MovementAI_JumpjetStraightAscend	Ext/Unit/Hooks.Jumpjet.cpp:402
00550D1F	HOOK	LaserDrawClass_DrawInHouseColor_Context_Set	Hooks/LaserDrawHook.cpp:19	HOOK	LaserDrawClass_DrawInHouseColor_Context_Set	Misc/Hooks.LaserDraw.cpp:12
00550F47	HOOK	LaserDrawClass_DrawInHouseColor_BetterDrawing	Hooks/LaserDrawHook.cpp:26	HOOK	LaserDrawClass_DrawInHouseColor_BetterDrawing	Misc/Hooks.LaserDraw.cpp:19
0064736D	HOOK	Queue_AI_WriteDesyncLog	Utilities/SyncLogging.cpp:245	HOOK	Queue_AI_WriteDesyncLog	Misc/SyncLogging.cpp:350
0064CD11	HOOK	ExecuteDoList_WriteDesyncLog	Utilities/SyncLogging.cpp:260	HOOK	ExecuteDoList_WriteDesyncLog	Misc/SyncLogging.cpp:369
0065C7D0	HOOK	Random2Class_Random_SyncLog	Utilities/SyncLogging.cpp:271	HOOK	Random2Class_Random_SyncLog	Misc/SyncLogging.cpp:392
0065C88A	HOOK	Random2Class_RandomRanged_SyncLog	Utilities/SyncLogging.cpp:281	HOOK	Random2Class_RandomRanged_SyncLog	Misc/SyncLogging.cpp:402
0065E97F	HOOK	HouseClass_CreateAirstrike_SetTargetForUnit	Hooks/AirstrikeExtHook.cpp:230	HOOK	HouseClass_CreateAirstrike_SetTargetForUnit	Ext/Techno/Hooks.Airstrike.cpp:138
0065E997	HOOK	Airstrike_Supported_Reinforcements_Put	Hooks/AirstrikeExtHook.cpp:263	HOOK	HouseClass_SendAirstrike_PlaceAircraft	Ext/House/Hooks.cpp:330
0067CEF0	HOOK	SaveGame_Start	Hooks/SaveGameHook.cpp:29	HOOK	ScenarioClass_SaveGame_AdjustMPSaveFileName	Phobos.Save.cpp:128
0067D04E	HOOK	Game_Save_SavegameInformation	Extension.cpp:251	HOOK	GameSave_SavegameInformation	Phobos.Ext.cpp:406
0067D32C	HOOK	SaveGame_Ext	Extension.cpp:235	HOOK	SaveGame_Phobos	Phobos.Ext.cpp:361
0067E826	HOOK	LoadGame_Ext	Extension.cpp:243	HOOK	LoadGame_Phobos	Phobos.Ext.cpp:371
0067FD9D	HOOK	LoadOptionsClass_GetFileInfo	Extension.cpp:258	HOOK	LoadOptionsClass_GetFileInfo	Phobos.Ext.cpp:426
0067FDB1	HOOK	LoadOptionsClass_GetFileInfo	Extension.cpp:259	HOOK	LoadOptionsClass_GetFileInfo	Phobos.Ext.cpp:427
00685659	HOOK	Scenario_ClearClasses_End	Hooks/GeneralHook.cpp:88	HOOK	Scenario_ClearClasses	Phobos.Ext.cpp:351
006CE6F6	HOOK	SuperWeaponTypeClass_CTOR	Hooks/SuperWeaponTypeHook.cpp:10	HOOK	SuperWeaponTypeClass_CTOR	Ext/SWType/Body.cpp:359
006CEE43	HOOK	SuperWeaponTypeClass_LoadFromINI	Hooks/SuperWeaponTypeHook.cpp:53	HOOK	SuperWeaponTypeClass_LoadFromINI	Ext/SWType/Body.cpp:377
006CEFE0	HOOK	SuperWeaponTypeClass_SDDTOR	Hooks/SuperWeaponTypeHook.cpp:21	HOOK	SuperWeaponTypeClass_SDDTOR	Ext/SWType/Body.cpp:368
006F348F	HOOK	TechnoClass_WhatWeaponShouldIUse_Airstrike	Hooks/AirstrikeExtHook.cpp:39	HOOK	TechnoClass_WhatWeaponShouldIUse_Airstrike	Ext/Techno/Hooks.Airstrike.cpp:8
006F36DB	HOOK	TechnoClass_SelectWeapon	Hooks/TechnoExtHook.cpp:774	HOOK	TechnoClass_WhatWeaponShouldIUse	Ext/Techno/Hooks.Firing.cpp:121
006F4500	HOOK	TechnoClass_DTOR	Hooks/TechnoExtHook.cpp:49	HOOK	TechnoClass_DTOR	Ext/Techno/Body.cpp:1262
006F65D1	HOOK	TechnoClass_DrawHealthBar_Building	Hooks/TechnoExtHook.cpp:447	HOOK	TechnoClass_DrawHealthBar_Buildings	Ext/Techno/Hooks.Pips.cpp:74
006F683C	HOOK	TechnoClass_DrawHealthBar_Other	Hooks/TechnoExtHook.cpp:462	HOOK	TechnoClass_DrawHealthBar_Units	Ext/Techno/Hooks.Pips.cpp:100
006F6AC4	HOOK	TechnoClass_Remove	Hooks/TechnoExtHook.cpp:123	HOOK	TechnoClass_Limbo	Ext/Techno/Hooks.cpp:384
006F9039	HOOK	TechnoClass_Greatest_Threat_HealWeaponRange	Hooks/TechnoExtHook.cpp:528	HOOK	TechnoClass_SelectAutoTarget_HealGuardRange	Ext/Techno/Hooks.Targeting.cpp:94
006F9B7E	HOOK	TechnoClass_SelectAutoTarget_SyncLog	Utilities/SyncLogging.cpp:426	HOOK	TechnoClass_SelectAutoTarget_AIAirTargetingFix1	Misc/Hooks.BugFixes.cpp:3074
006F9E50	HOOK	TechnoClass_Update	Hooks/TechnoExtHook.cpp:136	HOOK	TechnoClass_AI	Ext/Techno/Hooks.cpp:30
006FC339	HOOK	TechnoClass_CanFire	Hooks/TechnoExtHook.cpp:402	HOOK	TechnoClass_CanFire	Ext/Techno/Hooks.Firing.cpp:313
006FC749	HOOK	TechnoClass_CanFire_WhichLayer_Stand	Hooks/StandExtHook.cpp:93	HOOK	TechnoClass_CanFire_AntiUnderground	Ext/Techno/Hooks.Firing.cpp:540
006FCDB0	HOOK	TechnoClass_AssignTarget_SyncLog	Utilities/SyncLogging.cpp:329	HOOK	TechnoClass_AssignTarget_SyncLog	Misc/SyncLogging.cpp:450
006FD38D	HOOK	TechnoClass_DrawSth_DrawToInvisoFlakScatterLocation	Hooks/WeaponExtHook.cpp:105	HOOK	TechnoClass_DrawSth_DrawToInvisoFlakScatterLocation	Ext/Techno/Hooks.WeaponEffects.cpp:222
006FD446	HOOK	TechnoClass_LaserZap_IsSingleColor	Hooks/WeaponExtHook.cpp:34	HOOK	TechnoClass_LaserZap_IsSingleColor	Ext/Techno/Hooks.WeaponEffects.cpp:290
006FD446	HOOK	TechnoClass_LaserZap_IsSingleColor	Hooks/WeaponExtHook.cpp:34	HOOK	TechnoClass_LaserZap_Tracking	Misc/Hooks.LaserDraw.cpp:291
006FD494	HOOK	TechnoClass_FireEBolt_SetWeaponData	Hooks/EBoltExtHook.cpp:44	HOOK	TechnoClass_FireEBolt_SetExtMap_AfterAres	Ext/EBolt/Hooks.cpp:17
006FD514	HOOK	TechnoClass_DrawSth_DrawToInvisoFlakScatterLocation	Hooks/WeaponExtHook.cpp:104	HOOK	TechnoClass_DrawSth_DrawToInvisoFlakScatterLocation	Ext/Techno/Hooks.WeaponEffects.cpp:221
006FD70D	HOOK	TechnoClass_DrawSth_DrawToInvisoFlakScatterLocation	Hooks/WeaponExtHook.cpp:103	HOOK	TechnoClass_DrawSth_DrawToInvisoFlakScatterLocation	Ext/Techno/Hooks.WeaponEffects.cpp:220
006FF08B	HOOK	TechnoClass_Fire_RecordBullet	Hooks/WeaponExtHook.cpp:66	HOOK	TechnoClass_Fire_RecordBullet	Ext/Techno/Hooks.WeaponEffects.cpp:20
006FF15F	HOOK	TechnoClass_FireAt_ObstacleCellSet	Hooks/WeaponExtHook.cpp:86	HOOK	TechnoClass_FireAt_ObstacleCellSet	Ext/Techno/Hooks.WeaponEffects.cpp:28
006FF29E	HOOK	TechnoClass_Fire_ROFMultiplier	Hooks/TechnoExtHook.cpp:995	HOOK	TechnoClass_FireAt_ChargeTurret2	Ext/Techno/Hooks.Firing.cpp:984
006FF43F	HOOK	TechnoClass_FireAt_TargetSet	Hooks/WeaponExtHook.cpp:134	HOOK	TechnoClass_FireAt_FeedbackWeapon	Ext/Techno/Hooks.Firing.cpp:818
006FF43F	HOOK	TechnoClass_FireAt_TargetSet	Hooks/WeaponExtHook.cpp:134	HOOK	TechnoClass_FireAt_TargetSet	Ext/Techno/Hooks.WeaponEffects.cpp:252
006FF660	HOOK	TechnoClass_FireAt_ObstacleCellUnset	Hooks/WeaponExtHook.cpp:153	HOOK	TechnoClass_FireAt_LateLogic	Ext/Techno/Hooks.Firing.cpp:882
006FF660	HOOK	TechnoClass_FireAt_ObstacleCellUnset	Hooks/WeaponExtHook.cpp:153	HOOK	TechnoClass_FireAt_ObstacleCellUnset	Ext/Techno/Hooks.WeaponEffects.cpp:271
007013A0	HOOK	TechnoClass_OverrideMission_SyncLog	Utilities/SyncLogging.cpp:413	HOOK	TechnoClass_OverrideMission_SyncLog	Misc/SyncLogging.cpp:534
00701900	HOOK	TechnoClass_ReceiveDamage	Hooks/TechnoExtHook.cpp:217	HOOK	TechnoClass_ReceiveDamage_Shield	Ext/Techno/Hooks.ReceiveDamage.cpp:15
007019D8	HOOK	TechnoClass_ReceiveDamage_At_Least1	Hooks/TechnoExtHook.cpp:242	HOOK	TechnoClass_ReceiveDamage_SkipLowDamageCheck	Ext/Techno/Hooks.ReceiveDamage.cpp:195
00701DFF	HOOK	TechnoClass_ReceiveDamageEnd	Hooks/TechnoExtHook.cpp:350	HOOK	TechnoClass_ReceiveDamage_FlyingStrings	Ext/Techno/Hooks.ReceiveDamage.cpp:226
00702050	HOOK	TechnoClass_ReceiveDamage_Destroy	Hooks/TechnoExtHook.cpp:368	HOOK	TechnoClass_ReceiveDamage_AttachEffectExpireWeapon	Ext/Techno/Hooks.ReceiveDamage.cpp:348
00702299	HOOK	TechnoClass_Destroy_VxlDebris_Remap	Hooks/TechnoExtHook.cpp:692	HOOK	TechnoClass_ReceiveDamage_Debris	Misc/Hooks.BugFixes.cpp:137
00705860	HOOK	TechnoClass_DrawAirstrikeFlare_SetContext	Hooks/AirstrikeExtHook.cpp:370	HOOK	TechnoClass_DrawAirstrikeFlare_SetContext	Ext/Techno/Hooks.Airstrike.cpp:283
007058F6	HOOK	TechnoClass_DrawAirstrikeFlare_LineColor	Hooks/AirstrikeExtHook.cpp:380	HOOK	TechnoClass_DrawAirstrikeFlare_LineColor	Ext/Techno/Hooks.Airstrike.cpp:293
0070597A	HOOK	TechnoClass_DrawAirstrikeFlare_DotColor	Hooks/AirstrikeExtHook.cpp:408	HOOK	TechnoClass_DrawAirstrikeFlare_DotColor	Ext/Techno/Hooks.Airstrike.cpp:317
0070E92F	HOOK	TechnoClass_Update_Airstrike_Tint_Timer	Hooks/AirstrikeExtHook.cpp:421	HOOK	TechnoClass_UpdateAirstrikeTint	Ext/Techno/Hooks.Airstrike.cpp:187
00711835	HOOK	TechnoTypeClass_CTOR	Hooks/TechnoTypeExtHook.cpp:10	HOOK	TechnoTypeClass_CTOR	Ext/TechnoType/Body.cpp:1915
0071A88D	HOOK	TemporalClass_Update	Hooks/TechnoExtHook.cpp:181	HOOK	TemporalClass_AI	Ext/Techno/Hooks.cpp:85
0071BB2C	HOOK	TerrainClass_TakeDamage_NowDead_Add	Hooks/TerrainExtHook.cpp:14	HOOK	TerrainClass_TakeDamage_NowDead_Add	Ext/TerrainType/Hooks.cpp:286
0071DBC0	HOOK	TerrainTypeClass_CTOR	Hooks/TerrainTypeExtHook.cpp:10	HOOK	TerrainTypeClass_CTOR	Ext/TerrainType/Body.cpp:129
0071E0A6	HOOK	TerrainTypeClass_LoadFromINI	Hooks/TerrainTypeExtHook.cpp:59	HOOK	TerrainTypeClass_LoadFromINI	Ext/TerrainType/Body.cpp:150
0071E364	HOOK	TerrainTypeClass_SDDTOR	Hooks/TerrainTypeExtHook.cpp:25	HOOK	TerrainTypeClass_SDDTOR	Ext/TerrainType/Body.cpp:141
007258D0	HOOK	DetachThisFromAll	Hooks/PointerExpireHook.cpp:41	HOOK	AnnounceInvalidPointer	Phobos.Ext.cpp:334
0073C47A	HOOK	UnitClass_DrawAsVXL_Shadow_SkipPhobos	Hooks/AircraftExtHook.cpp:42	HOOK	UnitClass_DrawAsVXL_Shadow	Ext/TechnoType/Hooks.MatrixOp.cpp:648
00741970	HOOK	UnitClass_AssignDestination_SyncLog	Utilities/SyncLogging.cpp:378	HOOK	UnitClass_AssignDestination_SyncLog	Misc/SyncLogging.cpp:499
0074942E	HOOK	VoxelAnimClass_CTOR	Hooks/VoxelAnimExtHook.cpp:15	HOOK	VoxelAnimClass_CTOR	Ext/VoxelAnim/Body.cpp:67
007499F1	HOOK	VoxelAnimClass_DTOR	Hooks/VoxelAnimExtHook.cpp:24	HOOK	VoxelAnimClass_DTOR	Ext/VoxelAnim/Body.cpp:77
0074AEB0	HOOK	VoxelAnimTypeClass_CTOR	Hooks/VoxelAnimTypeExtHook.cpp:10	HOOK	VoxelAnimTypeClass_CTOR	Ext/VoxelAnimType/Body.cpp:70
0074B4F0	HOOK	VoxelAnimTypeClass_LoadFromINI	Hooks/VoxelAnimTypeExtHook.cpp:56	HOOK	VoxelAnimTypeClass_LoadFromINI	Ext/VoxelAnimType/Body.cpp:91
0074B51B	HOOK	VoxelAnimTypeClass_LoadFromINI	Hooks/VoxelAnimTypeExtHook.cpp:55	HOOK	VoxelAnimTypeClass_LoadFromINI	Ext/VoxelAnimType/Body.cpp:90
0074B54A	HOOK	VoxelAnimTypeClass_LoadFromINI	Hooks/VoxelAnimTypeExtHook.cpp:54	HOOK	VoxelAnimTypeClass_LoadFromINI	Ext/VoxelAnimType/Body.cpp:89
0074B561	HOOK	VoxelAnimTypeClass_LoadFromINI	Hooks/VoxelAnimTypeExtHook.cpp:53	HOOK	VoxelAnimTypeClass_LoadFromINI	Ext/VoxelAnimType/Body.cpp:88
0074B607	HOOK	VoxelAnimTypeClass_LoadFromINI	Hooks/VoxelAnimTypeExtHook.cpp:52	HOOK	VoxelAnimTypeClass_LoadFromINI	Ext/VoxelAnimType/Body.cpp:87
0074BA31	HOOK	VoxelAnimTypeClass_DTOR	Hooks/VoxelAnimTypeExtHook.cpp:21	HOOK	VoxelAnimTypeClass_DTOR	Ext/VoxelAnimType/Body.cpp:79
0075D1A9	HOOK	WarheadTypeClass_CTOR	Hooks/WarheadTypeExtHook.cpp:12	HOOK	WarheadTypeClass_CTOR	Ext/WarheadType/Body.cpp:876
0075DEA0	HOOK	WarheadTypeClass_LoadFromINI	Hooks/WarheadTypeExtHook.cpp:58	HOOK	WarheadTypeClass_LoadFromINI	Ext/WarheadType/Body.cpp:895
0075E5C8	HOOK	WarheadTypeClass_SDDTOR	Hooks/WarheadTypeExtHook.cpp:23	HOOK	WarheadTypeClass_SDDTOR	Ext/WarheadType/Body.cpp:885
00771EE9	HOOK	WeaponTypeClass_CTOR	Hooks/WeaponTypeExtHook.cpp:10	HOOK	WeaponTypeClass_CTOR	Ext/WeaponType/Body.cpp:536
007729B0	HOOK	WeaponTypeClass_LoadFromINI	Hooks/WeaponTypeExtHook.cpp:57	HOOK	WeaponTypeClass_LoadFromINI	Ext/WeaponType/Body.cpp:556
007729C7	HOOK	WeaponTypeClass_LoadFromINI	Hooks/WeaponTypeExtHook.cpp:55	HOOK	WeaponTypeClass_LoadFromINI	Ext/WeaponType/Body.cpp:555
0077311D	HOOK	WeaponTypeClass_SDDTOR	Hooks/WeaponTypeExtHook.cpp:21	HOOK	WeaponTypeClass_SDDTOR	Ext/WeaponType/Body.cpp:545
007CD810	HOOK	ExeRun	Hooks/GeneralHook.cpp:57	HOOK	ExeRun	Phobos.cpp:265
004C24BE	JUMP	0x4C24C3	Hooks/EBoltExtHook.cpp:119	JUMP	0x4C24C3	Ext/EBolt/Hooks.cpp:67
004C25CB	JUMP	0x4C25D0	Hooks/EBoltExtHook.cpp:129	JUMP	0x4C25D0	Ext/EBolt/Hooks.cpp:77
004C26CF	JUMP	0x4C26D5	Hooks/EBoltExtHook.cpp:139	JUMP	0x4C26D5	Ext/EBolt/Hooks.cpp:87
006D481D	HOOK	TacticalClass_Draw_AirstrikeLaser_SkipBuildingCheck	Hooks/AirstrikeExtHook.cpp:303	JUMP	0x6D482D	Ext/Techno/Hooks.Airstrike.cpp:6
007CD8EA	JUMP	GET_OFFSET(_ExeTerminate)	Hooks/GeneralHook.cpp:79	JUMP	_ExeTerminate	Phobos.cpp:274
007E4610	JUMP	BuildingTypeClass_CanUseWaypoint	Hooks/BuildingExtHook.cpp:88	JUMP	BuildingTypeClass_CanUseWaypoint	Ext/Building/Hooks.cpp:886
00825F9B	PATCH	DEFINE_PATCH	Utilities/Debug.cpp:97	PATCH	DEFINE_PATCH	Utilities/Debug.cpp:90
008332F4	PATCH	DEFINE_PATCH	Utilities/Debug.cpp:102	PATCH	DEFINE_PATCH	Utilities/Debug.cpp:95
