639DD8	PlanningManager_AllowAircraftsWaypoint	0x5	AircraftExtHook.cpp:23
73C47A	UnitClass_DrawAsVXL_Shadow_SkipPhobos	0x5	AircraftExtHook.cpp:42
4147F9	AircraftClass_Draw_Shadow_SkipPhobos	0x6	AircraftExtHook.cpp:62
707323	TechnoClass_DrawShadow_SkipAircraftScale	0x5	AircraftExtHook.cpp:81
73C4F8	TechnoClass_DrawShadow	0x7	AircraftExtHook.cpp:87
73C58E	TechnoClass_DrawShadow	0x7	AircraftExtHook.cpp:88
414876	TechnoClass_DrawShadow	0x7	AircraftExtHook.cpp:89
4CF80D	FlyLocomotionClass_Draw_Matrix	0x5	AircraftExtHook.cpp:178
4CF4C5	FlyLocomotionClass_FlightLevel_ResetA	0xA	AircraftExtHook.cpp:194
4CF3E3	FlyLocomotionClass_FlightLevel_ResetB	0x9	AircraftExtHook.cpp:215
4CF3C5	FlyLocomotionClass_4CEFB0	0x6	AircraftExtHook.cpp:230
41B760	IFlyControl_Landing_Direction	0x6	AircraftExtHook.cpp:254
41A697	AircraftClass_Mission_Guard_NoTarget_Enter	0x6	AircraftExtHook.cpp:272
41A96C	AircraftClass_Mission_GuardArea_NoTarget_Enter	0x6	AircraftExtHook.cpp:285
4CF780	FlyLocomotionClass_Draw_Matrix_Rolling	0x5	AircraftExtHook.cpp:298
418478	AircraftClass_Mission_Attack_Fire_Imcoming_0	0x6	AircraftExtHook.cpp:322
4186D7	AircraftClass_Mission_Attack_Fire_Imcoming_1	0x6	AircraftExtHook.cpp:336
418826	AircraftClass_Mission_Attack_Fire_Imcoming_2	0x6	AircraftExtHook.cpp:350
418935	AircraftClass_Mission_Attack_Fire_Imcoming_3	0x6	AircraftExtHook.cpp:364
418A44	AircraftClass_Mission_Attack_Fire_Imcoming_4	0x6	AircraftExtHook.cpp:378
418B40	AircraftClass_Mission_Attack_Fire_Imcoming_5	0x6	AircraftExtHook.cpp:392
4181CF	AircraftClass_Mission_Attack_FlyToPostion	0x5	AircraftExtHook.cpp:426
4184FC	AircraftClass_Mission_Attack_CheckROF	0x6	AircraftExtHook.cpp:443
418506	AircraftClass_Mission_Attack_FireDone	0x6	AircraftExtHook.cpp:451
418572	AircraftClass_Mission_Attack_4to5	0xA	AircraftExtHook.cpp:458
4186B6	AircraftClass_Mission_Attack5_HoverFireTwice	0x6	AircraftExtHook.cpp:476
4183D3	AircraftClass_Mission_Attack4_HoverFireMove	0x6	AircraftExtHook.cpp:486
418743	AircraftClass_Mission_Attack5_HoverFireMove_FireError_0	0x6	AircraftExtHook.cpp:501
418680	AircraftClass_Mission_Attack5_HoverFireMove_FireError_2	0x6	AircraftExtHook.cpp:516
418792	AircraftClass_Mission_Attack5_HoverFireMove_FireError_def	0x6	AircraftExtHook.cpp:531
4CDCFD	FlyLocomotionClass_MovingUpdate_HoverAttack	0x7	AircraftExtHook.cpp:548
4DDD66	FootClass_IsLandZoneClear_ReplaceHardcode	0x6	AircraftExtHook.cpp:577
6F3477	TechnoClass_SelectWeapon_Airstrike	0xA	AirstrikeExtHook.cpp:26
51EAE0	InfantryClass_WhatAction_Cursor	0x7	AirstrikeExtHook.cpp:33
6F348F	TechnoClass_WhatWeaponShouldIUse_Airstrike	0x7	AirstrikeExtHook.cpp:39
41D97B	AirstrikeClass_Setup_SkipBuildingCheck	0x7	AirstrikeExtHook.cpp:71
41DA52	AirstrikeClass_ResetTarget_OriginalTarget	0x6	AirstrikeExtHook.cpp:88
41DA80	AirstrikeClass_ResetTarget_NewTarget	0x6	AirstrikeExtHook.cpp:98
41DAA4	AirstrikeClass_ResetTarget_ResetForOldTarget	0xA	AirstrikeExtHook.cpp:108
41D994	AirstrikeClass_Setup_SetToTarget	0x6	AirstrikeExtHook.cpp:126
41DA68	AirstrikeClass_Reset_Stopwhat_SkipBuildingCheck	0x7	AirstrikeExtHook.cpp:141
41DA88	AirstrikeClass_Reset_Startwhat_SkipBuildingCheck	0x7	AirstrikeExtHook.cpp:156
41DAD4	AirstrikeClass_Reset	0x6	AirstrikeExtHook.cpp:166
41DBD4	AirstrikeClass_ClearTarget	0x7	AirstrikeExtHook.cpp:180
41DC10	AirstrikeClass_ResetTarget_SetToTarget	0x6	AirstrikeExtHook.cpp:200
41D604	AirstrikeClass_PointerGotInvalid_ResetForTarget	0x6	AirstrikeExtHook.cpp:213
65E97F	HouseClass_CreateAirstrike_SetTargetForUnit	0x6	AirstrikeExtHook.cpp:230
65E997	Airstrike_Supported_Reinforcements_Put	0x6	AirstrikeExtHook.cpp:263
6D481D	TacticalClass_Draw_AirstrikeLaser_SkipBuildingCheck	0x7	AirstrikeExtHook.cpp:303
705976	TechnoClass_Draw_AirstrikeLaser_LineColor	0x8	AirstrikeExtHook.cpp:327
705986	TechnoClass_Draw_AirstrikeLaser_PointColor	0x6	AirstrikeExtHook.cpp:352
705860	TechnoClass_DrawAirstrikeFlare_SetContext	0x8	AirstrikeExtHook.cpp:370
7058F6	TechnoClass_DrawAirstrikeFlare_LineColor	0x5	AirstrikeExtHook.cpp:380
70597A	TechnoClass_DrawAirstrikeFlare_DotColor	0x6	AirstrikeExtHook.cpp:408
70E92F	TechnoClass_Update_Airstrike_Tint_Timer	0x5	AirstrikeExtHook.cpp:421
43F9E0	BuildingClass_Mark_Airstrike	0x6	AirstrikeExtHook.cpp:434
448DF1	BuildingClass_SetOwningHouse_Airstrike	0x6	AirstrikeExtHook.cpp:447
451ABC	BuildingClass_PlayAnim_Airstrike	0x6	AirstrikeExtHook.cpp:460
452041	BuildingClass_452000_Airstrike	0x6	AirstrikeExtHook.cpp:473
456E5A	BuildingClass_Flash_Airstrike	0x6	AirstrikeExtHook.cpp:486
43D390	BuildingClass_DrawSHP_LaserTargetColor_Skip	0x6	AirstrikeExtHook.cpp:499
706342	TechnoClass_DrawSHP_Tint_Airstrike	0x7	AirstrikeExtHook.cpp:505
43DC2A	BuildingClass_DrawVXL_LaserTargetColor_Skip	0x6	AirstrikeExtHook.cpp:523
70679B	TechnoClass_DrawVXL_Tint_Airstrike	0x5	AirstrikeExtHook.cpp:529
73BFA4	UnitClass_DrawVXL_Tint_Airstrike	0x6	AirstrikeExtHook.cpp:548
422126	AnimClass_CTOR	0x5	AnimExtHook.cpp:26
422707	AnimClass_CTOR	0x5	AnimExtHook.cpp:27
4228D2	AnimClass_CTOR	0x5	AnimExtHook.cpp:28
422967	AnimClass_DTOR	0x6	AnimExtHook.cpp:39
426598	AnimClass_SDDTOR	0x7	AnimExtHook.cpp:49
425280	AnimClass_SaveLoad_Prefix	0x5	AnimExtHook.cpp:62
4253B0	AnimClass_SaveLoad_Prefix	0x5	AnimExtHook.cpp:63
425391	AnimClass_Load_Suffix	0x7	AnimExtHook.cpp:73
4253A2	AnimClass_Load_Suffix	0x7	AnimExtHook.cpp:74
425358	AnimClass_Load_Suffix	0x7	AnimExtHook.cpp:75
4253FF	AnimClass_Save_Suffix	0x5	AnimExtHook.cpp:81
423AC0	AnimClass_Update	0x6	AnimExtHook.cpp:91
42429E	AnimClass_UpdateEnd	0x6	AnimExtHook.cpp:104
42437E	AnimClass_UpdateEnd	0x6	AnimExtHook.cpp:105
4243A6	AnimClass_UpdateEnd	0x6	AnimExtHook.cpp:106
424567	AnimClass_UpdateEnd	0x6	AnimExtHook.cpp:107
4246DC	AnimClass_UpdateEnd	0x6	AnimExtHook.cpp:108
424B42	AnimClass_UpdateEnd	0x6	AnimExtHook.cpp:109
4247EB	AnimClass_UpdateEnd	0x6	AnimExtHook.cpp:110
42492A	AnimClass_UpdateEnd	0x6	AnimExtHook.cpp:111
424B29	AnimClass_UpdateEnd	0x6	AnimExtHook.cpp:112
424B1B	AnimClass_UpdateEnd	0x6	AnimExtHook.cpp:113
424785	AnimClass_Loop	0x6	AnimExtHook.cpp:124
4247F3	AnimClass_Done	0x6	AnimExtHook.cpp:137
424298	AnimClass_Done	0x6	AnimExtHook.cpp:138
424807	AnimClass_Next	0x6	AnimExtHook.cpp:151
42312A	AnimClass_Draw_Remap	0x6	AnimExtHook.cpp:171
423136	AnimClass_Draw_Remap2	0x6	AnimExtHook.cpp:181
423E75	AnimClass_Extras_Remap	0x6	AnimExtHook.cpp:191
423991	AnimClass_Bounce_Remap	0x5	AnimExtHook.cpp:202
423F8C	AnimClass_Spawn_Remap	0x5	AnimExtHook.cpp:216
4242E1	AnimClass_Trailer_Remap	0x5	AnimExtHook.cpp:230
45197B	BuildingClass_UpdateAnim_SetOwner	0x6	AnimExtHook.cpp:243
423630	AnimClass_Draw_Colour	0x6	AnimExtHook.cpp:263
424513	AnimClass_Update_Explosion	0x6	AnimExtHook.cpp:296
423E7B	AnimClass_Extras_Explosion	0xA	AnimExtHook.cpp:310
423CD5	AnimClass_Extras_HitWater	0x6	AnimExtHook.cpp:326
42784B	AnimTypeClass_CTOR	0x5	AnimTypeExtHook.cpp:10
428EA8	AnimTypeClass_SDDTOR	0x5	AnimTypeExtHook.cpp:21
428970	AnimTypeClass_SaveLoad_Prefix	0x8	AnimTypeExtHook.cpp:29
428800	AnimTypeClass_SaveLoad_Prefix	0xA	AnimTypeExtHook.cpp:30
42892C	AnimTypeClass_Load_Suffix	0x6	AnimTypeExtHook.cpp:40
428958	AnimTypeClass_Load_Suffix	0x6	AnimTypeExtHook.cpp:41
42898A	AnimTypeClass_Save_Suffix	0x3	AnimTypeExtHook.cpp:47
4287E9	AnimTypeClass_LoadFromINI	0xA	AnimTypeExtHook.cpp:53
4287DC	AnimTypeClass_LoadFromINI	0xA	AnimTypeExtHook.cpp:54
441A26	BuildingClass_Destroy_Explosion_Remap	0x5	BuildingExtHook.cpp:18
441B22	BuildingClass_Destroy_Exploding_Remap	0x6	BuildingExtHook.cpp:29
441D41	BuildingClass_Destroy_DestroyAnim_Remap	0x6	BuildingExtHook.cpp:40
453E02	BuildingClass_Clear_Occupy_Spot_Skip	0x6	BuildingExtHook.cpp:56
4AE95E	DisplayClass_sub_4AE750_DisallowBuildingNonAttackPlanning	0x5	BuildingExtHook.cpp:90
4664BA	BulletClass_CTOR	0x5	BulletExtHook.cpp:27
4665E9	BulletClass_DTOR	0xA	BulletExtHook.cpp:40
46AFB0	BulletClass_SaveLoad_Prefix	0x8	BulletExtHook.cpp:54
46AE70	BulletClass_SaveLoad_Prefix	0x5	BulletExtHook.cpp:55
46AF97	BulletClass_Load_Suffix	0x7	BulletExtHook.cpp:65
46AF9E	BulletClass_Load_Suffix	0x7	BulletExtHook.cpp:66
46AFC4	BulletClass_Save_Suffix	0x5	BulletExtHook.cpp:73
466556	BulletClass_Init	0x6	BulletExtHook.cpp:84
468B5D	BulletClass_Put	0x6	BulletExtHook.cpp:97
4666F7	BulletClass_Update	0x6	BulletExtHook.cpp:112
467FEE	BulletClass_UpdateEnd	0x6	BulletExtHook.cpp:125
466781	BulletClass_UpdateEnd	0x6	BulletExtHook.cpp:126
4690C1	BulletClass_Detonate	0x8	BulletExtHook.cpp:139
469A75	BulletClass_Detonate_GetHouse	0x7	BulletExtHook.cpp:165
469C46	BulletClass_Detonate_WHAnim_Remap	0x8	BulletExtHook.cpp:184
469D5C	BulletClass_Detonate_WHVxlDebris_Remap	0x6	BulletExtHook.cpp:207
469EB4	BulletClass_Detonate_WHDebris_Remap	0x6	BulletExtHook.cpp:224
4683E2	BulletClass_DrawSHP_Colour	0x5	BulletExtHook.cpp:247
4683E7	BulletClass_DrawSHP_Bright	0x9	BulletExtHook.cpp:267
46B201	BulletClass_DrawVXL_Colour	0x7	BulletExtHook.cpp:278
46745C	BulletClass_Update_ChangeVelocity	0x7	BulletExtHook.cpp:294
4677C7	BulletClass_Update_ChangeVelocity_Locked	0x8	BulletExtHook.cpp:313
466E18	BulletClass_CheckHight_UnderGround	0x6	BulletExtHook.cpp:334
467E53	BulletClass_AI_PreDetonation_Vector	0x6	BulletExtHook.cpp:361
46BDD9	BulletTypeClass_CTOR	0x5	BulletTypeExtHook.cpp:10
46C8B6	BulletTypeClass_SDDTOR	0x6	BulletTypeExtHook.cpp:21
46C730	BulletTypeClass_SaveLoad_Prefix	0x8	BulletTypeExtHook.cpp:30
46C6A0	BulletTypeClass_SaveLoad_Prefix	0x5	BulletTypeExtHook.cpp:31
46C722	BulletTypeClass_Load_Suffix	0x4	BulletTypeExtHook.cpp:41
46C74A	BulletTypeClass_Save_Suffix	0x3	BulletTypeExtHook.cpp:48
46C429	BulletTypeClass_LoadFromINI	0xA	BulletTypeExtHook.cpp:55
46C41C	BulletTypeClass_LoadFromINI	0xA	BulletTypeExtHook.cpp:56
4C1E42	EBolt_CTOR	0x5	EBoltExtHook.cpp:23
4C2951	EBolt_DTOR	0x5	EBoltExtHook.cpp:31
6FD494	TechnoClass_FireEBolt_SetWeaponData	0x7	EBoltExtHook.cpp:44
4C28B6	EBolt_Draw_Update	0x6	EBoltExtHook.cpp:81
4C20BC	EBolt_Draw_Arcs	0xB	EBoltExtHook.cpp:110
4C24C3	EBolt_DrawFirst_Color	0x9	EBoltExtHook.cpp:120
4C25D0	EBolt_DrawSecond_Color	0x6	EBoltExtHook.cpp:130
4C26D5	EBolt_DrawThird_Color	0x6	EBoltExtHook.cpp:140
4C2AE7	EBolt_Fire_DisableParticle	0x6	EBoltExtHook.cpp:150
4F4497	GScreenClass_Render	0x6	GScreenHook.cpp:21
4F4583	GScreenClass_Render_Late	0x6	GScreenHook.cpp:27
6A70EB	SidebarClass_DrawIt	0x6	GScreenHook.cpp:34
52BA60	YR_Boot	0x5	GeneralHook.cpp:40
52F639	YR_CmdLineParse	0x5	GeneralHook.cpp:45
7CD810	ExeRun	0x9	GeneralHook.cpp:57
6851F0	Scenario_ClearClasses_Start	0x6	GeneralHook.cpp:81
685659	Scenario_ClearClasses_End	0xA	GeneralHook.cpp:88
6875F3	Scenario_Start1	0x6	GeneralHook.cpp:96
55AFB3	LogicClass_Update	0x6	GeneralHook.cpp:108
55B719	LogicClass_Update_Late	0x5	GeneralHook.cpp:114
4F6532	HouseClass_CTOR	0x5	HouseExtHook.cpp:16
4F7371	HouseClass_DTOR	0x6	HouseExtHook.cpp:28
504080	HouseClass_SaveLoad_Prefix	0x5	HouseExtHook.cpp:37
503040	HouseClass_SaveLoad_Prefix	0x5	HouseExtHook.cpp:38
504069	HouseClass_Load_Suffix	0x7	HouseExtHook.cpp:48
5046DE	HouseClass_Save_Suffix	0x7	HouseExtHook.cpp:55
50114D	HouseClass_InitFromINI	0x5	HouseExtHook.cpp:62
5194EF	InfantryClass_DrawIt_InAir_Shadow_Skip	0x5	InfantryExtHook.cpp:17
5184F7	Infantry_ReceiveDamage_DeathAnim	0x8	InfantryExtHook.cpp:28
51F5C0	Infantry_Mission_Hunt_Deploy	0x6	InfantryExtHook.cpp:47
550D1F	LaserDrawClass_DrawInHouseColor_Context_Set	0x6	LaserDrawHook.cpp:19
550F47	LaserDrawClass_DrawInHouseColor_BetterDrawing	0x0	LaserDrawHook.cpp:26
489280	MapClass_DamageArea	0x6	MapExtHook.cpp:24
481D0E	CellClass_CrateBeingCollected_Firepower1	0x6	MapExtHook.cpp:92
481C6C	CellClass_CrateBeingCollected_Armor1	0x6	MapExtHook.cpp:106
481CE1	CellClass_CrateBeingCollected_Speed1	0x6	MapExtHook.cpp:120
481D3D	CellClass_CrateBeingCollected_Cloak1	0x6	MapExtHook.cpp:134
483226	CellClass_CrateBeingCollected_Firepower2	0x6	MapExtHook.cpp:154
482E57	CellClass_CrateBeingCollected_Armor2	0x6	MapExtHook.cpp:171
48303A	CellClass_CrateBeingCollected_Speed2	0x6	MapExtHook.cpp:188
69251A	ScrollClass_ProcessClickCoords_VirtualUnit	0x6	MapExtHook.cpp:219
6DA3FF	TacticalClass_SelectAt_VirtualUnit	0x6	MapExtHook.cpp:240
6D5116	TacticalClass_Draw_Placement_Recheck	0x5	MapExtHook.cpp:263
4A904E	DisplayClass_Passes_Proximity_Check_MobileMCV	0x5	MapExtHook.cpp:457
62A13F	ParasiteClass_Update_Anim_Remap	0x5	ParasiteExtHooks.cpp:14
6297F0	ParasiteClass_GrappleUpdate_Anim_Remap	0x6	ParasiteExtHooks.cpp:29
4101F0	AbstractClass_DTOR	0x6	PointerExpireHook.cpp:25
5F65F1	ObjectClass_UnInit	0x5	PointerExpireHook.cpp:32
7258D0	DetachThisFromAll	0x6	PointerExpireHook.cpp:41
67CEF0	SaveGame_Start	0x6	SaveGameHook.cpp:29
67D2F1	SaveGame_End	0x6	SaveGameHook.cpp:38
67D300	SaveGameInStream_Start	0x5	SaveGameHook.cpp:47
67E42E	SaveGameInStream_End	0xD	SaveGameHook.cpp:55
67E440	LoadGame_Start	0x6	SaveGameHook.cpp:63
67E720	LoadGame_End	0x6	SaveGameHook.cpp:71
67E730	LoadGameInStream_Start	0x5	SaveGameHook.cpp:79
67F7C8	LoadGameInStream_End	0x5	SaveGameHook.cpp:88
6B6CDF	SpawnManagerClass_CreateSpawnNode	0x7	SpawnManagerExtHook.cpp:52
6B6D4D	SpawnManagerClass_CreateSpawnNode_CreateAircraft	0x6	SpawnManagerExtHook.cpp:85
6B78E4	SpawnManagerClass_Update_CreateAircraft	0x6	SpawnManagerExtHook.cpp:114
6B7317	SpawnManagerClass_Update_MissileSpawn_SkipMovingCheck	0x7	SpawnManagerExtHook.cpp:143
6B743E	SpawnManagerClass_Update_PutSpawns	0x6	SpawnManagerExtHook.cpp:171
6B796A	SpawnManagerClass_Update_PutSpawns_FireOnce	0x5	SpawnManagerExtHook.cpp:250
6B77B4	SpawnManagerClass_Update_Callback	0x7	SpawnManagerExtHook.cpp:267
6B7A32	SpawnManagerClass_Update_Add_Missile_Target	0x5	SpawnManagerExtHook.cpp:278
54E478	KamikazeTrackerClass_Add	0x5	SpawnManagerExtHook.cpp:312
54E51D	KamikazeContainer_Update_SetTargetBefore	0x5	SpawnManagerExtHook.cpp:339
54E524	KamikazeContainer_Update_SetTarget	0xA	SpawnManagerExtHook.cpp:348
54E540	KamikazeContainer_Update_SetTarget_Zero	0x7	SpawnManagerExtHook.cpp:363
54E56D	KamikazeContainer_Update_SetTargetAfter	0x6	SpawnManagerExtHook.cpp:370
6622C0	RocketLocomotionClass_Process	0x6	SpawnManagerExtHook.cpp:387
662CAC	RocketLocomotionClass_Process_Step5_To_Lazy_4	0x6	SpawnManagerExtHook.cpp:409
66304F	RocketLocomotionClass_663030	0x5	SpawnManagerExtHook.cpp:423
6FA2A2	TechnoClass_Update_DrawBehind	0x6	StandExtHook.cpp:22
6FA45D	TechnoClass_Update_NotHuman_ClearTarget_Stand	0x6	StandExtHook.cpp:34
5F6B90	ObjectClass_InAir_SkipCheckIsOnMap	0x5	StandExtHook.cpp:44
4D94B0	FootClass_SetDestination_Stand	0x5	StandExtHook.cpp:58
508EC6	HouseClass_RadarUpdate_Stand	0x5	StandExtHook.cpp:71
508F9B	HouseClass_SpySatUpdate_Stand	0x5	StandExtHook.cpp:82
6FC749	TechnoClass_CanFire_WhichLayer_Stand	0x5	StandExtHook.cpp:93
6FF66C	TechnoClass_Fire_DecreaseAmmo	0x6	StandExtHook.cpp:121
6FCDBE	TechnoClass_SetTarget_Stand	0x6	StandExtHook.cpp:141
4D9947	FootClass_Greatest_Threat_GetTarget	0x6	StandExtHook.cpp:160
55DBC3	MainLoop_ShortLayerClass	0x5	StandExtHook.cpp:225
4DA87A	FootClass_Update_UpdateLayer	0x6	StandExtHook.cpp:231
4DB091	FootClass_GetZAdjustment	0x6	StandExtHook.cpp:251
5F6BF7	ObjectClass_GetYSort	0x5	StandExtHook.cpp:328
75C7E0	WalkLocomotionClass_In_Which_Layer	0x5	StandExtHook.cpp:417
6A3E50	ShipLocomotionClass_In_Which_Layer	0x5	StandExtHook.cpp:425
5B19D0	MechLocomotionClass_In_Which_Layer	0x5	StandExtHook.cpp:433
517100	HoverLocomotionClass_In_Which_Layer	0x5	StandExtHook.cpp:441
4B4820	DriveLocomotionClass_In_Which_Layer	0x5	StandExtHook.cpp:449
54B8E9	JumpjetLocomotionClass_In_Which_Layer_Deviation	0x6	StandExtHook.cpp:458
414C27	AircraftClass_Update_SkipCreateChronoSparkleAnimOnStand	0x5	StandExtHook.cpp:473
440406	BuildingClass_Update_SkipCreateChronoSparkleAnimOnStand1	0x5	StandExtHook.cpp:485
44050C	BuildingClass_Update_SkipCreateChronoSparkleAnimOnStand2	0x5	StandExtHook.cpp:497
51BB17	InfantryClass_Update_SkipCreateChronoSparkleAnimOnStand	0x5	StandExtHook.cpp:509
736250	UnitClass_Update_SkipCreateChronoSparkleAnimOnStand	0x5	StandExtHook.cpp:521
6CE6F6	SuperWeaponTypeClass_CTOR	0x5	SuperWeaponTypeHook.cpp:10
6CEFE0	SuperWeaponTypeClass_SDDTOR	0x8	SuperWeaponTypeHook.cpp:21
6CE8D0	SuperWeaponTypeClass_SaveLoad_Prefix	0x8	SuperWeaponTypeHook.cpp:29
6CE800	SuperWeaponTypeClass_SaveLoad_Prefix	0xA	SuperWeaponTypeHook.cpp:30
6CE8BE	SuperWeaponTypeClass_Load_Suffix	0x7	SuperWeaponTypeHook.cpp:40
6CE8EA	SuperWeaponTypeClass_Save_Suffix	0x3	SuperWeaponTypeHook.cpp:46
6CEE50	SuperWeaponTypeClass_LoadFromINI	0xA	SuperWeaponTypeHook.cpp:52
6CEE43	SuperWeaponTypeClass_LoadFromINI	0xA	SuperWeaponTypeHook.cpp:53
6F3260	TechnoClass_CTOR	0x5	TechnoExtHook.cpp:36
6F4500	TechnoClass_DTOR	0x5	TechnoExtHook.cpp:49
70C250	TechnoClass_SaveLoad_Prefix	0x8	TechnoExtHook.cpp:64
70BF50	TechnoClass_SaveLoad_Prefix	0x5	TechnoExtHook.cpp:65
70C249	TechnoClass_Load_Suffix	0x5	TechnoExtHook.cpp:75
70C264	TechnoClass_Save_Suffix	0x5	TechnoExtHook.cpp:82
6F42ED	TechnoClass_Init	0xA	TechnoExtHook.cpp:93
6F6CA0	TechnoClass_Put	0x7	TechnoExtHook.cpp:106
6F6AC4	TechnoClass_Remove	0x5	TechnoExtHook.cpp:123
6F9E50	TechnoClass_Update	0x5	TechnoExtHook.cpp:136
6FAFFD	TechnoClass_UpdateEnd	0x7	TechnoExtHook.cpp:150
6FAF7A	TechnoClass_UpdateEnd	0x7	TechnoExtHook.cpp:151
44055D	TechnoClass_WarpUpdate	0x6	TechnoExtHook.cpp:165
51BBDF	TechnoClass_WarpUpdate	0x6	TechnoExtHook.cpp:166
736321	TechnoClass_WarpUpdate	0x6	TechnoExtHook.cpp:167
414CF2	TechnoClass_WarpUpdate	0x6	TechnoExtHook.cpp:168
71A88D	TemporalClass_Update	0x8	TechnoExtHook.cpp:181
71A917	TemporalClass_Update_Eliminate	0x5	TechnoExtHook.cpp:201
701900	TechnoClass_ReceiveDamage	0x6	TechnoExtHook.cpp:217
7019D8	TechnoClass_ReceiveDamage_At_Least1	0x5	TechnoExtHook.cpp:242
471D2E	CaptureManagerClass_Is_Controllable	0x7	TechnoExtHook.cpp:262
53B233	IonStormClass_Dominator_Activate	0x6	TechnoExtHook.cpp:274
701C45	TechnoClass_ReceiveDamage_PsionicWeapons	0x6	TechnoExtHook.cpp:287
701C08	TechnoClass_ReceiveDamage_Radiation	0xA	TechnoExtHook.cpp:298
701C78	TechnoClass_ReceiveDamage_Poison	0x6	TechnoExtHook.cpp:309
5F5498	ObjectClass_ReceiveDamage_RealDamage	0xC	TechnoExtHook.cpp:324
701DFF	TechnoClass_ReceiveDamageEnd	0x7	TechnoExtHook.cpp:350
702050	TechnoClass_ReceiveDamage_Destroy	0x6	TechnoExtHook.cpp:368
702E9D	TechnoClass_RegisterDestruction	0x6	TechnoExtHook.cpp:381
6FC339	TechnoClass_CanFire	0x6	TechnoExtHook.cpp:402
6FDD50	TechnoClass_Fire	0x6	TechnoExtHook.cpp:433
6F65D1	TechnoClass_DrawHealthBar_Building	0x6	TechnoExtHook.cpp:447
6F683C	TechnoClass_DrawHealthBar_Other	0x7	TechnoExtHook.cpp:462
5F45A0	TechnoClass_Select	0x5	TechnoExtHook.cpp:477
730DEB	ObjectClass_GuardCommand	0x6	TechnoExtHook.cpp:495
730E56	ObjectClass_GuardCommand	0x6	TechnoExtHook.cpp:496
730EEB	ObjectClass_StopCommand	0x6	TechnoExtHook.cpp:512
6F9039	TechnoClass_Greatest_Threat_HealWeaponRange	0x5	TechnoExtHook.cpp:528
7012DF	TechnoClass_In_WeaponRange	0x6	TechnoExtHook.cpp:554
7012DF	TechnoClass_In_WeaponRange_OpenTopped_Passenger	0x6	TechnoExtHook.cpp:574
6F72E3	TechnoClass_In_Range	0x6	TechnoExtHook.cpp:594
7067F1	TechnoClass_DrawVxl_DisableCache	0x6	TechnoExtHook.cpp:609
6FC016	TechnoClass_Select_SkipVoice	0x8	TechnoExtHook.cpp:628
70EFD0	TechnoClass_IsUnderEMP_CantMove	0x6	TechnoExtHook.cpp:640
7063FF	TechnoClass_DrawSHP_Colour	0x7	TechnoExtHook.cpp:653
706640	TechnoClass_DrawVXL_Colour_BuildingTurret	0x5	TechnoExtHook.cpp:666
73C15F	UnitClass_DrawVXL_Colour	0x7	TechnoExtHook.cpp:678
702299	TechnoClass_Destroy_VxlDebris_Remap	0xA	TechnoExtHook.cpp:692
70256C	TechnoClass_Destroy_Debris_Remap	0x6	TechnoExtHook.cpp:728
7024B0	TechnoClass_Destroy_Debris_Remap2	0x6	TechnoExtHook.cpp:744
6FC833	TechnoClass_NavalTargeting	0x7	TechnoExtHook.cpp:763
6F36DB	TechnoClass_SelectWeapon	0x8	TechnoExtHook.cpp:774
6F37EB	TechnoClass_SelectWeapon_SecondaryCheckAA_SwitchByRange	0x6	TechnoExtHook.cpp:918
6FDD61	TechnoClass_Fire_OverrideWeapon	0x5	TechnoExtHook.cpp:941
70D6B4	TechnoClass_Fire_DeathWeapon_OverrideWeapon	0x6	TechnoExtHook.cpp:957
70D773	TechnoClass_Fire_DeathWeapon_OverrideWeapon_Stand	0x6	TechnoExtHook.cpp:973
6FF29E	TechnoClass_Fire_ROFMultiplier	0x6	TechnoExtHook.cpp:995
4B0521	LocomotionClass_Update_Ramp	0x5	TechnoExtHook.cpp:1020
69FC31	LocomotionClass_Update_Ramp	0x5	TechnoExtHook.cpp:1021
736A95	UnitClass_Rotation_Update_Freezing_TurretSpins	0x6	TechnoExtHook.cpp:1033
4CCBB3	FlyLocomotionClass_Freeze	0x5	TechnoExtHook.cpp:1044
54B1D1	JumpjetLocomotionClass_MoveTo	0x6	TechnoExtHook.cpp:1056
54AED0	JumpjetLocomotionClass_Freeze	0x5	TechnoExtHook.cpp:1071
54BED4	JumpjetLocomotionClass_Hovering_DeployToLand	0x7	TechnoExtHook.cpp:1101
54C2DF	JumpjetLocomotionClass_Cruising_DeployToLand	0xA	TechnoExtHook.cpp:1118
54D600	JumpjetLocomotionClass_MovingUpdate_DontTurnInCell	0x6	TechnoExtHook.cpp:1137
54BC44	JumpjetLocomotionClass_Update_State1_DontTurnInCell	0x8	TechnoExtHook.cpp:1190
54BF53	JumpjetLocomotionClass_Update_State2_MarkDir	0x5	TechnoExtHook.cpp:1215
54BE6D	JumpjetLocomotionClass_Update_State2_BalloonHover	0x6	TechnoExtHook.cpp:1245
54C0BB	JumpjetLocomotionClass_Update_State3_DontTurnInCell	0x7	TechnoExtHook.cpp:1282
54C0FC	JumpjetLocomotionClass_Update_State3_BalloonHover	0x6	TechnoExtHook.cpp:1306
6622E0	RocketLocomotionClass_Update_Freezing	0x6	TechnoExtHook.cpp:1342
739971	UnitClass_TryToDeploy_TransferAE	0x6	TechnoExtHook.cpp:1353
44A04C	BuildingClass_Selling_TransferAE	0x6	TechnoExtHook.cpp:1368
711835	TechnoTypeClass_CTOR	0x5	TechnoTypeExtHook.cpp:10
711AE0	TechnoTypeClass_DTOR	0x5	TechnoTypeExtHook.cpp:21
716DC0	TechnoTypeClass_SaveLoad_Prefix	0x5	TechnoTypeExtHook.cpp:30
7162F0	TechnoTypeClass_SaveLoad_Prefix	0x6	TechnoTypeExtHook.cpp:31
716DAC	TechnoTypeClass_Load_Suffix	0xA	TechnoTypeExtHook.cpp:41
717094	TechnoTypeClass_Save_Suffix	0x5	TechnoTypeExtHook.cpp:48
716132	TechnoTypeClass_LoadFromINI	0x5	TechnoTypeExtHook.cpp:55
716123	TechnoTypeClass_LoadFromINI	0x5	TechnoTypeExtHook.cpp:56
71C94C	TerrainClass_Remove_PlayDestroyAnim	0xA	TerrainExtHook.cpp:13
71BB2C	TerrainClass_TakeDamage_NowDead_Add	0x6	TerrainExtHook.cpp:14
71DBC0	TerrainTypeClass_CTOR	0x7	TerrainTypeExtHook.cpp:10
71E364	TerrainTypeClass_SDDTOR	0x6	TerrainTypeExtHook.cpp:25
71E1D0	TerrainTypeClass_SaveLoad_Prefix	0x5	TerrainTypeExtHook.cpp:34
71E240	TerrainTypeClass_SaveLoad_Prefix	0x8	TerrainTypeExtHook.cpp:35
71E235	TerrainTypeClass_Load_Suffix	0x5	TerrainTypeExtHook.cpp:45
71E25A	TerrainTypeClass_Save_Suffix	0x5	TerrainTypeExtHook.cpp:52
71E0A6	TerrainTypeClass_LoadFromINI	0x5	TerrainTypeExtHook.cpp:59
6FF8F1	TechnoClass_DeployFire	0x6	UnitExtHook.cpp:24
6FF923	TechnoClass_DeployFire_FireOnce	0x6	UnitExtHook.cpp:41
739C7A	UnitClass_SimpleDeployer_Deployed	0x6	UnitExtHook.cpp:53
6F3B5C	UnitClassClass_GetFLH_UnbindTurret	0x6	UnitExtHook.cpp:66
6F3D2F	UnitClassClass_GetFLH_OnTarget	0x5	UnitExtHook.cpp:88
738749	UnitClass_Destroy_Explosion_Remap	0x6	UnitExtHook.cpp:102
738801	UnitClass_Destroy_DestroyAnim_Remap	0x6	UnitExtHook.cpp:114
6F4222	TechnoClass_Init_PermaDisguise	0x7	UnitExtHook.cpp:130
7466D8	UnitClass_Set_Disguise	0xA	UnitExtHook.cpp:204
746AFF	UnitClass_Disguise_Update_MoveToClear	0xA	UnitExtHook.cpp:224
746B6D	UnitClass_Disguise_FullName	0x5	UnitExtHook.cpp:236
736A26	UnitClass_Rotation_SetTurretFacingToTarget_Skip	0x6	UnitExtHook.cpp:260
736BCA	UnitClass_Rotation_SetTurretFacing_NoTargetAndStanding	0x5	UnitExtHook.cpp:280
736BBB	UnitClass_Rotation_SetTurretFacing_NoTargetAndMoving	0x5	UnitExtHook.cpp:301
736B7E	UnitClass_Rotation_SetTurretFacing_Skip	0xA	UnitExtHook.cpp:322
73CD01	UnitClass_Draw_ChangeTurret_SHPIFV	0x5	UnitExtHook.cpp:334
73C71D	UnitClass_DrawSHP_FacingDir	0x6	UnitExtHook.cpp:373
73C655	UnitClass_DrawSHP_TechnoType	0x6	UnitExtHook.cpp:409
73C69D	UnitClass_DrawSHP_TechnoType2	0x6	UnitExtHook.cpp:422
73C702	UnitClass_DrawSHP_TechnoType3	0x6	UnitExtHook.cpp:441
73C725	UnitClass_DrawSHP_HasTurret	0x6	UnitExtHook.cpp:454
73B765	UnitClass_DrawVoxel_TurretFacing	0x5	UnitExtHook.cpp:470
73BA78	UnitClass_DrawVoxel_TurretFacing	0x6	UnitExtHook.cpp:471
73BD8B	UnitClass_DrawVoxel_TurretFacing	0x5	UnitExtHook.cpp:472
73BDA3	UnitClass_DrawVoxel_TurretFacing	0x5	UnitExtHook.cpp:473
73B8DB	UnitClass_DrawVoxel_HasChargeTurret	0x8	UnitExtHook.cpp:491
73BA53	UnitClass_DrawVoxel_HasChargeTurret2	0x7	UnitExtHook.cpp:512
73BC1D	UnitClass_DrawVoxel_HasChargeTurret2	0x7	UnitExtHook.cpp:513
706724	TechnoClass_Draw_VXL_Disguise_Blit_Flags	0x5	UnitExtHook.cpp:536
73C485	UnitClass_Draw_Voxel_Shadow_WO_Skip	0x8	UnitExtHook.cpp:543
700E8B	TechnoClass_CanDeploy_Carryall_Drop	0x6	UnitExtHook.cpp:562
73D6F8	UnitClass_Mission_Unload_Transporter	0x6	UnitExtHook.cpp:580
73D6E6	UnitClass_Mission_Unload_Carryall_Drop	0x6	UnitExtHook.cpp:606
73D6EC	UnitClass_Mission_Unload_Carryall_Drop	0x6	UnitExtHook.cpp:607
74041B	UnitClass_WhatAction_Carryall_Lifting	0x5	UnitExtHook.cpp:629
74000B	UnitClass_WhatAction_Carryall_Droping	0x6	UnitExtHook.cpp:650
73FFF4	UnitClass_WhatAction_TransportHover	0x8	UnitExtHook.cpp:662
7388FD	UnitClass_ActionClick_Carryall	0x5	UnitExtHook.cpp:676
73CF16	UnitClass_Draw_It_Carryall_HightOffset	0x7	UnitExtHook.cpp:698
73D317	UnitClass_Draw_It	0x6	UnitExtHook.cpp:723
4DB157	FootClass_DrawVoxel_Shadow_Carryall	0x8	UnitExtHook.cpp:755
749951	VoxelAnimClass_CTOR	0xC	VoxelAnimExtHook.cpp:14
74942E	VoxelAnimClass_CTOR	0xC	VoxelAnimExtHook.cpp:15
7499F1	VoxelAnimClass_DTOR	0x5	VoxelAnimExtHook.cpp:24
74A970	VoxelAnimClass_SaveLoad_Prefix	0x5	VoxelAnimExtHook.cpp:33
74AA10	VoxelAnimClass_SaveLoad_Prefix	0x8	VoxelAnimExtHook.cpp:34
74A9FB	VoxelAnimClass_Load_Suffix	0x7	VoxelAnimExtHook.cpp:44
74AA24	VoxelAnimClass_Save_Suffix	0x5	VoxelAnimExtHook.cpp:50
74AEB0	VoxelAnimTypeClass_CTOR	0xB	VoxelAnimTypeExtHook.cpp:10
74BA31	VoxelAnimTypeClass_DTOR	0x5	VoxelAnimTypeExtHook.cpp:21
74B810	VoxelAnimTypeClass_SaveLoad_Prefix	0x5	VoxelAnimTypeExtHook.cpp:29
74B8D0	VoxelAnimTypeClass_SaveLoad_Prefix	0x8	VoxelAnimTypeExtHook.cpp:30
74B8C2	VoxelAnimTypeClass_Load_Suffix	0x5	VoxelAnimTypeExtHook.cpp:40
74B8EA	VoxelAnimTypeClass_Save_Suffix	0x5	VoxelAnimTypeExtHook.cpp:46
74B607	VoxelAnimTypeClass_LoadFromINI	0x5	VoxelAnimTypeExtHook.cpp:52
74B561	VoxelAnimTypeClass_LoadFromINI	0x5	VoxelAnimTypeExtHook.cpp:53
74B54A	VoxelAnimTypeClass_LoadFromINI	0x5	VoxelAnimTypeExtHook.cpp:54
74B51B	VoxelAnimTypeClass_LoadFromINI	0x5	VoxelAnimTypeExtHook.cpp:55
74B4F0	VoxelAnimTypeClass_LoadFromINI	0x5	VoxelAnimTypeExtHook.cpp:56
75D1A9	WarheadTypeClass_CTOR	0x7	WarheadTypeExtHook.cpp:12
75E5C8	WarheadTypeClass_SDDTOR	0x6	WarheadTypeExtHook.cpp:23
75E2C0	WarheadTypeClass_SaveLoad_Prefix	0x5	WarheadTypeExtHook.cpp:32
75E0C0	WarheadTypeClass_SaveLoad_Prefix	0x8	WarheadTypeExtHook.cpp:33
75E2AE	WarheadTypeClass_Load_Suffix	0x7	WarheadTypeExtHook.cpp:43
75E39C	WarheadTypeClass_Save_Suffix	0x5	WarheadTypeExtHook.cpp:50
75DEAF	WarheadTypeClass_LoadFromINI	0x5	WarheadTypeExtHook.cpp:57
75DEA0	WarheadTypeClass_LoadFromINI	0x5	WarheadTypeExtHook.cpp:58
48A551	WarheadTypeClass_AnimList_SplashList	0x6	WarheadTypeExtHook.cpp:71
6FD446	TechnoClass_LaserZap_IsSingleColor	0x7	WeaponExtHook.cpp:34
6FF08B	TechnoClass_Fire_RecordBullet	0x6	WeaponExtHook.cpp:66
6FF15F	TechnoClass_FireAt_ObstacleCellSet	0x6	WeaponExtHook.cpp:86
6FD70D	TechnoClass_DrawSth_DrawToInvisoFlakScatterLocation	0x6	WeaponExtHook.cpp:103
6FD514	TechnoClass_DrawSth_DrawToInvisoFlakScatterLocation	0x7	WeaponExtHook.cpp:104
6FD38D	TechnoClass_DrawSth_DrawToInvisoFlakScatterLocation	0x7	WeaponExtHook.cpp:105
6FF43F	TechnoClass_FireAt_TargetSet	0x6	WeaponExtHook.cpp:134
6FF660	TechnoClass_FireAt_ObstacleCellUnset	0x6	WeaponExtHook.cpp:153
771EE9	WeaponTypeClass_CTOR	0x5	WeaponTypeExtHook.cpp:10
77311D	WeaponTypeClass_SDDTOR	0x6	WeaponTypeExtHook.cpp:21
772EB0	WeaponTypeClass_SaveLoad_Prefix	0x5	WeaponTypeExtHook.cpp:30
772CD0	WeaponTypeClass_SaveLoad_Prefix	0x7	WeaponTypeExtHook.cpp:31
772EA6	WeaponTypeClass_Load_Suffix	0x6	WeaponTypeExtHook.cpp:41
772F8C	WeaponTypeClass_Save_Suffix	0x5	WeaponTypeExtHook.cpp:48
7729C7	WeaponTypeClass_LoadFromINI	0x5	WeaponTypeExtHook.cpp:55
7729D6	WeaponTypeClass_LoadFromINI	0x5	WeaponTypeExtHook.cpp:56
7729B0	WeaponTypeClass_LoadFromINI	0x5	WeaponTypeExtHook.cpp:57
