ADDR	SIZE	NAME	LOC	REPLACED_BYTES	REPLACED_DISASM	WRITES_REG	NEXT_INSTR
00639DD8	5	PlanningManager_AllowAircraftsWaypoint	AircraftExtHook.cpp:23	74 47 3B	0x639DD8: jz      short loc_639DE1 || 0x639DDA: inc     edi || 0x639DDB: cmp     edi, ebx	EDI	jge     short loc_639E1B
0073C47A	5	UnitClass_DrawAsVXL_Shadow_SkipPhobos	AircraftExtHook.cpp:42	8B 8B	0x73C47A: mov     eax, [ebp+0] || 0x73C47D: mov     ecx, ebp	EAX	call    [eax+vt_TechnoClass.r.m.o.GetHeight]
004147F9	6	AircraftClass_Draw_Shadow_SkipPhobos	AircraftExtHook.cpp:62	8B	0x4147F9: mov     eax, [ebp+674h]	EAX	test    eax, eax
00707323	5	TechnoClass_DrawShadow_SkipAircraftScale	AircraftExtHook.cpp:81	68	0x707323: push    3F000000h; float		lea     ecx, [esp+0ECh+var_90]
0073C4F8	7	TechnoClass_DrawShadow	AircraftExtHook.cpp:87	8D	0x73C4F8: lea     ecx, [esp+1A8h]	ECX	call    Matrix3D_Multiply_5AF980
0073C58E	7	TechnoClass_DrawShadow	AircraftExtHook.cpp:88	8D	0x73C58E: lea     ecx, [esp+1A8h]	ECX	call    Matrix3D_Multiply_5AF980
00414876	7	TechnoClass_DrawShadow	AircraftExtHook.cpp:89	8B	0x414876: mov     edx, [esp+114h+var_28]	EDX	lea     ecx, [esp+114h+a6]
004CF80D	5	FlyLocomotionClass_Draw_Matrix	AircraftExtHook.cpp:178	B9	0x4CF80D: mov     ecx, 0Ch	ECX	lea     esi, [esp+38h+this]
004CF4C5	10	FlyLocomotionClass_FlightLevel_ResetA	AircraftExtHook.cpp:194	8B 8B FF	0x4CF4C5: mov     edx, [eax] || 0x4CF4C7: mov     ecx, eax || 0x4CF4C9: call    dword ptr [edx+0BCh]	EDX	mov     [ebp+38h], eax
004CF3E3	9	FlyLocomotionClass_FlightLevel_ResetB	AircraftExtHook.cpp:215	8D 51 B9	0x4CF3E3: lea     ecx, [ebp+1Ch] || 0x4CF3E6: push    ecx; loc || 0x4CF3E7: mov     ecx, offset Map; this	ECX	call    MapClass_GetCellFloorHeight
004CF3C5	6	FlyLocomotionClass_4CEFB0	AircraftExtHook.cpp:230	81	0x4CF3C5: add     ecx, 3A0h; Facing	ECX	call    FacingClass::Set_Desired
0041B760	6	IFlyControl_Landing_Direction	AircraftExtHook.cpp:254	56 57 8B	0x41B760: push    esi || 0x41B761: push    edi || 0x41B762: mov     edi, [esp+8+arg]	EDI	lea     esi, [edi-6C0h]
0041A697	6	AircraftClass_Mission_Guard_NoTarget_Enter	AircraftExtHook.cpp:272	8B 6A 6A	0x41A697: mov     eax, [this] || 0x41A699: push    1 || 0x41A69B: push    0	EAX	mov     ecx, this
0041A96C	6	AircraftClass_Mission_GuardArea_NoTarget_Enter	AircraftExtHook.cpp:285	8B 6A 6A	0x41A96C: mov     eax, [esi] || 0x41A96E: push    1 || 0x41A970: push    0	EAX	mov     ecx, esi
004CF780	5	FlyLocomotionClass_Draw_Matrix_Rolling	AircraftExtHook.cpp:298	8B 8B	0x4CF780: mov     ecx, [esi+8] || 0x4CF783: mov     eax, [ecx]	ECX	call    dword ptr [eax+84h]
00418478	6	AircraftClass_Mission_Attack_Fire_Imcoming_0	AircraftExtHook.cpp:322	8D	0x418478: lea     ecx, [esi+AircraftClass.f.t.r.m.o.pos]	ECX	push    0
004186D7	6	AircraftClass_Mission_Attack_Fire_Imcoming_1	AircraftExtHook.cpp:336	8D	0x4186D7: lea     ecx, [esi+AircraftClass.f.t.r.m.o.pos]	ECX	push    0
00418826	6	AircraftClass_Mission_Attack_Fire_Imcoming_2	AircraftExtHook.cpp:350	8D	0x418826: lea     eax, [esi+AircraftClass.f.t.r.m.o.pos]	EAX	push    0
00418935	6	AircraftClass_Mission_Attack_Fire_Imcoming_3	AircraftExtHook.cpp:364	8D	0x418935: lea     ecx, [esi+AircraftClass.f.t.r.m.o.pos]	ECX	push    0
00418A44	6	AircraftClass_Mission_Attack_Fire_Imcoming_4	AircraftExtHook.cpp:378	8D	0x418A44: lea     ecx, [esi+_TechnoClass.t.r.m.o.pos]	ECX	push    0
00418B40	6	AircraftClass_Mission_Attack_Fire_Imcoming_5	AircraftExtHook.cpp:392	8D	0x418B40: lea     edx, [esi+_TechnoClass.t.r.m.o.pos]	EDX	push    0
004181CF	5	AircraftClass_Mission_Attack_FlyToPostion	AircraftExtHook.cpp:426	8B 6A 53	0x4181CF: mov     edx, [esi] || 0x4181D1: push    1; int || 0x4181D3: push    ebx; _TechnoClass *	EDX	mov     ecx, esi; _TechnoClass *
004184FC	6	AircraftClass_Mission_Attack_CheckROF	AircraftExtHook.cpp:443	8B 53 FF	0x4184FC: mov     ecx, [ebx] || 0x4184FE: push    ebx || 0x4184FF: call    dword ptr [ecx+1Ch]	ECX	test    eax, eax
00418506	6	AircraftClass_Mission_Attack_FireDone	AircraftExtHook.cpp:451	8B	0x418506: mov     eax, [esi+AircraftClass.f.t.currentAmmo]	EAX	xor     edx, edx
00418572	10	AircraftClass_Mission_Attack_4to5	AircraftExtHook.cpp:458	C7	0x418572: mov     [esi+AircraftClass.f.t.r.m.MissionStatus], 5	[ESI+AIRCRAFTCLASS.F.T.R.M.MISSIONSTATUS]	mov     eax, 1
004186B6	6	AircraftClass_Mission_Attack5_HoverFireTwice	AircraftExtHook.cpp:476	8B	0x4186B6: mov     edx, [esi+AircraftClass.f.t.Target]; jumptable 0041861C case 0	EDX	mov     edi, [esi]
004183D3	6	AircraftClass_Mission_Attack4_HoverFireMove	AircraftExtHook.cpp:486	89	0x4183D3: mov     [esi+AircraftClass.f.t.r.m.MissionStatus], edx	[ESI+AIRCRAFTCLASS.F.T.R.M.MISSIONSTATUS]	jmp     short loc_4183E5
00418743	6	AircraftClass_Mission_Attack5_HoverFireMove_FireError_0	AircraftExtHook.cpp:501	89	0x418743: mov     [esi+AircraftClass.f.t.r.m.MissionStatus], ecx	[ESI+AIRCRAFTCLASS.F.T.R.M.MISSIONSTATUS]	jmp     status_2; default
00418680	6	AircraftClass_Mission_Attack5_HoverFireMove_FireError_2	AircraftExtHook.cpp:516	89	0x418680: mov     [esi+AircraftClass.f.t.r.m.MissionStatus], eax	[ESI+AIRCRAFTCLASS.F.T.R.M.MISSIONSTATUS]	jmp     short loc_41868E
00418792	6	AircraftClass_Mission_Attack5_HoverFireMove_FireError_def	AircraftExtHook.cpp:531	89	0x418792: mov     [esi+AircraftClass.f.t.r.m.MissionStatus], edx	[ESI+AIRCRAFTCLASS.F.T.R.M.MISSIONSTATUS]	jmp     status_2; default
004CDCFD	7	FlyLocomotionClass_MovingUpdate_HoverAttack	AircraftExtHook.cpp:548	8B 8D	0x4CDCFD: mov     ecx, [esi+0Ch] || 0x4CDD00: lea     eax, [esp+8Ch+var_3C]	ECX	push    eax
004DDD66	6	FootClass_IsLandZoneClear_ReplaceHardcode	AircraftExtHook.cpp:577	6A 6A 6A	0x4DDD66: push    1; a8 || 0x4DDD68: push    0FFFFFFFFh; a7 || 0x4DDD6A: push    0; a6		push    0FFFFFFFFh; a5
006F3477	10	TechnoClass_SelectWeapon_Airstrike	AirstrikeExtHook.cpp:26	8B 8B	0x6F3477: mov     eax, [esp+18h+weap2_] || 0x6F347B: mov     ecx, [eax+WeaponTypeClass.Warhead]	EAX	mov     al, [ecx+WarheadTypeClass.Airstrike]
0051EAE0	7	InfantryClass_WhatAction_Cursor	AirstrikeExtHook.cpp:33	8B 8B FF	0x51EAE0: mov     eax, [TARG] || 0x51EAE2: mov     ecx, TARG || 0x51EAE4: call    dword ptr [eax+2Ch]	EAX	cmp     eax, 6
006F348F	7	TechnoClass_WhatWeaponShouldIUse_Airstrike	AirstrikeExtHook.cpp:39	8B 8B FF	0x6F348F: mov     edx, [edi] || 0x6F3491: mov     ecx, edi || 0x6F3493: call    dword ptr [edx+2Ch]	EDX	cmp     eax, 6
0041D97B	7	AirstrikeClass_Setup_SkipBuildingCheck	AirstrikeExtHook.cpp:71	8B 8B FF	0x41D97B: mov     edx, [esi] || 0x41D97D: mov     ecx, esi || 0x41D97F: call    dword ptr [edx+2Ch]	EDX	cmp     eax, 6
0041DA52	6	AirstrikeClass_ResetTarget_OriginalTarget	AirstrikeExtHook.cpp:88	85 75 33	0x41DA52: test    esi, esi || 0x41DA54: jnz     short loc_41DA68 || 0x41DA56: xor     edi, edi	EDI	jmp     short loc_41DA7C
0041DA80	6	AirstrikeClass_ResetTarget_NewTarget	AirstrikeExtHook.cpp:98	85 75 33	0x41DA80: test    ebx, ebx || 0x41DA82: jnz     short loc_41DA88 || 0x41DA84: xor     esi, esi	ESI	jmp     short loc_41DA9C
0041DAA4	10	AirstrikeClass_ResetTarget_ResetForOldTarget	AirstrikeExtHook.cpp:108	C7	0x41DAA4: mov     dword ptr [edi+294h], 0	DWORD	call    dword ptr [eax+158h]
0041D994	6	AirstrikeClass_Setup_SetToTarget	AirstrikeExtHook.cpp:126	89	0x41D994: mov     [esi+294h], edi	[ESI+294H]	call    dword ptr [eax+15Ch]
0041DA68	7	AirstrikeClass_Reset_Stopwhat_SkipBuildingCheck	AirstrikeExtHook.cpp:141	8B 8B FF	0x41DA68: mov     eax, [esi] || 0x41DA6A: mov     ecx, esi || 0x41DA6C: call    dword ptr [eax+2Ch]	EAX	mov     edi, eax
0041DA88	7	AirstrikeClass_Reset_Startwhat_SkipBuildingCheck	AirstrikeExtHook.cpp:156	8B 8B FF	0x41DA88: mov     edx, [ebx] || 0x41DA8A: mov     ecx, ebx || 0x41DA8C: call    dword ptr [edx+2Ch]	EDX	mov     esi, eax
0041DAD4	6	AirstrikeClass_Reset	AirstrikeExtHook.cpp:166	89	0x41DAD4: mov     [esi+294h], ebp	[ESI+294H]	call    dword ptr [eax+15Ch]
0041DBD4	7	AirstrikeClass_ClearTarget	AirstrikeExtHook.cpp:180	8B 8B FF	0x41DBD4: mov     edx, [esi] || 0x41DBD6: mov     ecx, esi || 0x41DBD8: call    dword ptr [edx+2Ch]	EDX	cmp     eax, 6
0041DC10	6	AirstrikeClass_ResetTarget_SetToTarget	AirstrikeExtHook.cpp:200	89	0x41DC10: mov     [esi+294h], edx	[ESI+294H]	jnz     short loc_41DC2C
0041D604	6	AirstrikeClass_PointerGotInvalid_ResetForTarget	AirstrikeExtHook.cpp:213	F6 74	0x41D604: test    byte ptr [eax+14h], 1 || 0x41D608: jz      short loc_41D634		cmp     eax, ebx
0065E97F	6	HouseClass_CreateAirstrike_SetTargetForUnit	AirstrikeExtHook.cpp:230	8B 3B	0x65E97F: mov     eax, [esp+38h+sourceCell] || 0x65E983: cmp     eax, ebx	EAX	jz      short loc_65E992
0065E997	6	Airstrike_Supported_Reinforcements_Put	AirstrikeExtHook.cpp:263	8B	0x65E997: mov     edx, ScenarioInit	EDX	push    ebx
006D481D	7	TacticalClass_Draw_AirstrikeLaser_SkipBuildingCheck	AirstrikeExtHook.cpp:303	8B 8B FF	0x6D481D: mov     eax, [edi] || 0x6D481F: mov     ecx, edi || 0x6D4821: call    dword ptr [eax+2Ch]	EAX	cmp     eax, 6
00705976	8	TechnoClass_Draw_AirstrikeLaser_LineColor	AirstrikeExtHook.cpp:327	8B 8B	0x705976: mov     eax, [esp+70h+var_38.Y] || 0x70597A: mov     ecx, [esp+70h+dst.Y]	EAX	cmp     eax, ecx
00705986	6	TechnoClass_Draw_AirstrikeLaser_PointColor	AirstrikeExtHook.cpp:352	8B	0x705986: mov     ecx, col_B_SHR_3	ECX	xor     esi, esi
00705860	8	TechnoClass_DrawAirstrikeFlare_SetContext	AirstrikeExtHook.cpp:370	83 53 8D	0x705860: sub     esp, 60h || 0x705863: push    ebx || 0x705864: lea     eax, [esp+64h+dst]	ESP	push    ebp
007058F6	5	TechnoClass_DrawAirstrikeFlare_LineColor	AirstrikeExtHook.cpp:380	68	0x7058F6: push    10Eh; max		push    0BEh; min
0070597A	6	TechnoClass_DrawAirstrikeFlare_DotColor	AirstrikeExtHook.cpp:408	8B 3B	0x70597A: mov     ecx, [esp+70h+dst.Y] || 0x70597E: cmp     eax, ecx	ECX	jge     loc_705A87
0070E92F	5	TechnoClass_Update_Airstrike_Tint_Timer	AirstrikeExtHook.cpp:421	8B FF	0x70E92F: mov     eax, [esi+_TechnoClass.vt] || 0x70E931: call    dword ptr [eax+2Ch]	EAX	cmp     eax, 6
0043F9E0	6	BuildingClass_Mark_Airstrike	AirstrikeExtHook.cpp:434	8B	0x43F9E0: mov     eax, [edi+294h]	EAX	test    eax, eax
00448DF1	6	BuildingClass_SetOwningHouse_Airstrike	AirstrikeExtHook.cpp:447	8B	0x448DF1: mov     eax, [esi+294h]	EAX	test    eax, eax
00451ABC	6	BuildingClass_PlayAnim_Airstrike	AirstrikeExtHook.cpp:460	8B	0x451ABC: mov     eax, [esi+294h]	EAX	test    eax, eax
00452041	6	BuildingClass_452000_Airstrike	AirstrikeExtHook.cpp:473	8B	0x452041: mov     eax, [esi+294h]	EAX	test    eax, eax
00456E5A	6	BuildingClass_Flash_Airstrike	AirstrikeExtHook.cpp:486	8B	0x456E5A: mov     eax, [esi+294h]	EAX	test    eax, eax
0043D390	6	BuildingClass_DrawSHP_LaserTargetColor_Skip	AirstrikeExtHook.cpp:499	0F	0x43D390: jz      loc_43D430		mov     ecx, RulesData
00706342	7	TechnoClass_DrawSHP_Tint_Airstrike	AirstrikeExtHook.cpp:505	8B 8B FF	0x706342: mov     eax, [esi] || 0x706344: mov     ecx, esi || 0x706346: call    dword ptr [eax+2Ch]	EAX	cmp     eax, 6
0043DC2A	6	BuildingClass_DrawVXL_LaserTargetColor_Skip	AirstrikeExtHook.cpp:523	0F	0x43DC2A: jz      loc_43DCCE		mov     ecx, RulesData
0070679B	5	TechnoClass_DrawVXL_Tint_Airstrike	AirstrikeExtHook.cpp:529	8B 8B	0x70679B: mov     eax, [ebp+0] || 0x70679E: mov     ecx, ebp	EAX	call    dword ptr [eax+2Ch]
0073BFA4	6	UnitClass_DrawVXL_Tint_Airstrike	AirstrikeExtHook.cpp:548	0F	0x73BFA4: jz      loc_73C07C; spd = 0x1BC		push    esi; a1
00422126	5	AnimClass_CTOR	AnimExtHook.cpp:26	8B 5F 5E 5B	0x422126: mov     eax, esi || 0x422128: pop     edi || 0x422129: pop     esi || 0x42212A: pop     ebx	EAX	mov     esp, ebp
00422707	5	AnimClass_CTOR	AnimExtHook.cpp:27	8B 5F 5E 5B	0x422707: mov     eax, esi || 0x422709: pop     edi || 0x42270A: pop     esi || 0x42270B: pop     ebx	EAX	mov     esp, ebp
004228D2	5	AnimClass_CTOR	AnimExtHook.cpp:28	8B 5E 5B C3	0x4228D2: mov     eax, esi || 0x4228D4: pop     esi || 0x4228D5: pop     ebx || 0x4228D6: retn	EAX	db 9 dup(90h)
00422967	6	AnimClass_DTOR	AnimExtHook.cpp:39	8B	0x422967: mov     eax, [esi+0C8h]	EAX	cmp     eax, ebx
00426598	7	AnimClass_SDDTOR	AnimExtHook.cpp:49	F6 74	0x426598: test    [esp+4+__flags$], 1 || 0x42659D: jz      short loc_4265A8		push    esi; void *
00425280	5	AnimClass_SaveLoad_Prefix	AnimExtHook.cpp:62	8B 56	0x425280: mov     eax, [esp+pStm.lpVtbl] || 0x425284: push    esi	EAX	mov     esi, [esp+4+this]
004253B0	5	AnimClass_SaveLoad_Prefix	AnimExtHook.cpp:63	56 8B	0x4253B0: push    esi || 0x4253B1: mov     esi, [esp+4+this]	ESI	push    edi
00425391	7	AnimClass_Load_Suffix	AnimExtHook.cpp:73	8B 5F 5E C2	0x425391: mov     eax, edi || 0x425393: pop     edi || 0x425394: pop     esi || 0x425395: retn    8	EAX	mov     dword ptr [esi+0D4h], 0
004253A2	7	AnimClass_Load_Suffix	AnimExtHook.cpp:74	8B 5F 5E C2	0x4253A2: mov     eax, edi || 0x4253A4: pop     edi || 0x4253A5: pop     esi || 0x4253A6: retn    8	EAX	db 7 dup(90h)
00425358	7	AnimClass_Load_Suffix	AnimExtHook.cpp:75	8B 5F 5E C2	0x425358: mov     eax, edi || 0x42535A: pop     edi || 0x42535B: pop     esi || 0x42535C: retn    8	EAX	mov     al, [esi+AnimClass.field_DC]
004253FF	5	AnimClass_Save_Suffix	AnimExtHook.cpp:81	5F 5E C2	0x4253FF: pop     edi || 0x425400: pop     esi || 0x425401: retn    0Ch	EDI	mov     [esi+AnimClass.LightConvertIndex], eax
00423AC0	6	AnimClass_Update	AnimExtHook.cpp:91	55 8B 83	0x423AC0: push    ebp || 0x423AC1: mov     ebp, esp || 0x423AC3: and     esp, 0FFFFFFF8h	EBP	sub     esp, 78h
0042429E	6	AnimClass_UpdateEnd	AnimExtHook.cpp:104	5F 5E 5D 5B 8B	0x42429E: pop     edi || 0x42429F: pop     esi || 0x4242A0: pop     ebp || 0x4242A1: pop     ebx || 0x4242A2: mov     esp, ebp	EDI	pop     ebp
0042437E	6	AnimClass_UpdateEnd	AnimExtHook.cpp:105	5F 5E 5D 5B 8B	0x42437E: pop     edi || 0x42437F: pop     esi || 0x424380: pop     ebp || 0x424381: pop     ebx || 0x424382: mov     esp, ebp	EDI	pop     ebp
004243A6	6	AnimClass_UpdateEnd	AnimExtHook.cpp:106	5F 5E 5D 5B 8B	0x4243A6: pop     edi || 0x4243A7: pop     esi || 0x4243A8: pop     ebp || 0x4243A9: pop     ebx || 0x4243AA: mov     esp, ebp	EDI	pop     ebp
00424567	6	AnimClass_UpdateEnd	AnimExtHook.cpp:107	5F 5E 5D 5B 8B	0x424567: pop     edi || 0x424568: pop     esi || 0x424569: pop     ebp || 0x42456A: pop     ebx || 0x42456B: mov     esp, ebp	EDI	pop     ebp
004246DC	6	AnimClass_UpdateEnd	AnimExtHook.cpp:108	5F 5E 5D 5B 8B	0x4246DC: pop     edi || 0x4246DD: pop     esi || 0x4246DE: pop     ebp || 0x4246DF: pop     ebx || 0x4246E0: mov     esp, ebp	EDI	pop     ebp
00424B42	6	AnimClass_UpdateEnd	AnimExtHook.cpp:109	5F 5E 5D 5B 8B	0x424B42: pop     edi || 0x424B43: pop     esi || 0x424B44: pop     ebp || 0x424B45: pop     ebx || 0x424B46: mov     esp, ebp	EDI	pop     ebp
004247EB	6	AnimClass_UpdateEnd	AnimExtHook.cpp:110	5F 5E 5D 5B 8B	0x4247EB: pop     edi || 0x4247EC: pop     esi || 0x4247ED: pop     ebp || 0x4247EE: pop     ebx || 0x4247EF: mov     esp, ebp	EDI	pop     ebp
0042492A	6	AnimClass_UpdateEnd	AnimExtHook.cpp:111	5F 5E 5D 5B 8B	0x42492A: pop     edi || 0x42492B: pop     esi || 0x42492C: pop     ebp || 0x42492D: pop     ebx || 0x42492E: mov     esp, ebp	EDI	pop     ebp
00424B29	6	AnimClass_UpdateEnd	AnimExtHook.cpp:112	5F 5E 5D 5B 8B	0x424B29: pop     edi || 0x424B2A: pop     esi || 0x424B2B: pop     ebp || 0x424B2C: pop     ebx || 0x424B2D: mov     esp, ebp	EDI	pop     ebp
00424B1B	6	AnimClass_UpdateEnd	AnimExtHook.cpp:113	5F 5E 5D 5B 8B	0x424B1B: pop     edi || 0x424B1C: pop     esi || 0x424B1D: pop     ebp || 0x424B1E: pop     ebx || 0x424B1F: mov     esp, ebp	EDI	pop     ebp
00424785	6	AnimClass_Loop	AnimExtHook.cpp:124	8A	0x424785: mov     cl, [esi+AnimClass.field_120]	CL	test    cl, cl
004247F3	6	AnimClass_Done	AnimExtHook.cpp:137	8B	0x4247F3: mov     ecx, [eax+AnimTypeClass.Next]	ECX	cmp     ecx, edi
00424298	6	AnimClass_Done	AnimExtHook.cpp:138	FF	0x424298: call    [eax+vt_AnimClass.o.UnInit]		pop     edi
00424807	6	AnimClass_Next	AnimExtHook.cpp:151	8B	0x424807: mov     eax, [ecx+AnimTypeClass.End]	EAX	cmp     eax, ebp
0042312A	6	AnimClass_Draw_Remap	AnimExtHook.cpp:171	0F	0x42312A: jz      loc_4231F3		mov     ecx, HouseClass_PlayerPtr
00423136	6	AnimClass_Draw_Remap2	AnimExtHook.cpp:181	8B	0x423136: mov     edx, [ecx+16054h]	EDX	mov     ecx, ColorScheme.data
00423E75	6	AnimClass_Extras_Remap	AnimExtHook.cpp:191	8B	0x423E75: mov     eax, [esi+AnimClass.AnimationType]	EAX	push    0; OwnerHouse
00423991	5	AnimClass_Bounce_Remap	AnimExtHook.cpp:202	68	0x423991: push    size AnimClass; unsigned int		call    new; size AnimClass
00423F8C	5	AnimClass_Spawn_Remap	AnimExtHook.cpp:216	68	0x423F8C: push    size AnimClass; unsigned int		call    new; size AnimClass
004242E1	5	AnimClass_Trailer_Remap	AnimExtHook.cpp:230	68	0x4242E1: push    size AnimClass; unsigned int		call    new; size AnimClass
0045197B	6	BuildingClass_UpdateAnim_SetOwner	AnimExtHook.cpp:243	8B	0x45197B: mov     edx, [esi+520h]	EDX	mov     eax, [edx+edi+0F84h]
00423630	6	AnimClass_Draw_Colour	AnimExtHook.cpp:263	8B	0x423630: mov     eax, [esi+0C8h]	EAX	mov     cl, [eax+35Bh]
00424513	6	AnimClass_Update_Explosion	AnimExtHook.cpp:296	DD	0x424513: fld     [eax+AnimTypeClass.Damage]		fcomp   ds:double_0
00423E7B	10	AnimClass_Extras_Explosion	AnimExtHook.cpp:310	6A 6A 8D	0x423E7B: push    0; OwnerHouse || 0x423E7D: push    1; a5 || 0x423E7F: lea     edi, [esi+AnimClass.field_128]	EDI	mov     ecx, [eax+AnimTypeClass.Warhead]
00423CD5	6	AnimClass_Extras_HitWater	AnimExtHook.cpp:326	8B	0x423CD5: mov     edx, [esi+AnimClass.AnimationType]	EDX	push    size AnimClass; unsigned int
0042784B	5	AnimTypeClass_CTOR	AnimTypeExtHook.cpp:10	5E 5B C2	0x42784B: pop     esi || 0x42784C: pop     ebx || 0x42784D: retn    4	ESI	mov     eax, [esp+arg_0]
00428EA8	5	AnimTypeClass_SDDTOR	AnimTypeExtHook.cpp:21	B9	0x428EA8: mov     ecx, offset vec_Abstracts_1	ECX	mov     dword ptr [esi], offset AnimTypeClass::`vftable'{for `AnimTypeClass'}
00428970	8	AnimTypeClass_SaveLoad_Prefix	AnimTypeExtHook.cpp:29	8B 8B	0x428970: mov     eax, [esp+arg_8] || 0x428974: mov     ecx, [esp+arg_4]	EAX	mov     edx, [esp+arg_0]
00428800	10	AnimTypeClass_SaveLoad_Prefix	AnimTypeExtHook.cpp:30	8B 81	0x428800: mov     eax, [esp+arg] || 0x428804: sub     esp, 204h	EAX	push    esi
0042892C	6	AnimTypeClass_Load_Suffix	AnimTypeExtHook.cpp:40	81	0x42892C: add     esp, 204h	ESP	retn    8
00428958	6	AnimTypeClass_Load_Suffix	AnimTypeExtHook.cpp:41	81	0x428958: add     esp, 204h	ESP	retn    8
0042898A	3	AnimTypeClass_Save_Suffix	AnimTypeExtHook.cpp:47	C2	0x42898A: retn    0Ch		db 3 dup(90h)
004287E9	10	AnimTypeClass_LoadFromINI	AnimTypeExtHook.cpp:53	5E 32 5B 81	0x4287E9: pop     esi || 0x4287EA: xor     al, al || 0x4287EC: pop     ebx || 0x4287ED: add     esp, 0B0h	ESI	retn    4
004287DC	10	AnimTypeClass_LoadFromINI	AnimTypeExtHook.cpp:54	5E B0 5B 81	0x4287DC: pop     esi || 0x4287DD: mov     al, 1 || 0x4287DF: pop     ebx || 0x4287E0: add     esp, 0B0h	ESI	retn    4
00441A26	5	BuildingClass_Destroy_Explosion_Remap	BuildingExtHook.cpp:18	E9	0x441A26: jmp     loc_4418EC		mov     edx, [esi+520h]
00441B22	6	BuildingClass_Destroy_Exploding_Remap	BuildingExtHook.cpp:29	81	0x441B22: cmp     ebx, offset chunk		jl      loc_441A44
00441D41	6	BuildingClass_Destroy_DestroyAnim_Remap	BuildingExtHook.cpp:40	89	0x441D41: mov     [edi+AnimClass.RemapColour], eax	[EDI+ANIMCLASS.REMAPCOLOUR]	mov     eax, [esi+520h]
00453E02	6	BuildingClass_Clear_Occupy_Spot_Skip	BuildingExtHook.cpp:56	8B	0x453E02: mov     ecx, [eax+124h]	ECX	add     eax, 124h
004AE95E	5	DisplayClass_sub_4AE750_DisallowBuildingNonAttackPlanning	BuildingExtHook.cpp:90	8D 53	0x4AE95E: lea     eax, [esp+20h+a2] || 0x4AE962: push    ebx	EAX	lea     edx, [esp+24h+a2]
004664BA	5	BulletClass_CTOR	BulletExtHook.cpp:27	8B 5E 5B C3	0x4664BA: mov     eax, esi || 0x4664BC: pop     esi || 0x4664BD: pop     ebx || 0x4664BE: retn	EAX	align 10h
004665E9	10	BulletClass_DTOR	BulletExtHook.cpp:40	C7	0x4665E9: mov     dword ptr [esi+0ACh], 0	DWORD	mov     dword ptr [esi+0B0h], 0
0046AFB0	8	BulletClass_SaveLoad_Prefix	BulletExtHook.cpp:54	8B 8B	0x46AFB0: mov     eax, [esp+a4] || 0x46AFB4: mov     ecx, [esp+pStm]	EAX	mov     edx, [esp+this]
0046AE70	5	BulletClass_SaveLoad_Prefix	BulletExtHook.cpp:55	8B 53	0x46AE70: mov     eax, [esp+pStm.lpVtbl] || 0x46AE74: push    ebx	EAX	push    esi
0046AF97	7	BulletClass_Load_Suffix	BulletExtHook.cpp:65	8B 5E 5B C2	0x46AF97: mov     eax, ebx || 0x46AF99: pop     esi || 0x46AF9A: pop     ebx || 0x46AF9B: retn    8	EAX	mov     eax, ebx
0046AF9E	7	BulletClass_Load_Suffix	BulletExtHook.cpp:66	8B 5E 5B C2	0x46AF9E: mov     eax, ebx || 0x46AFA0: pop     esi || 0x46AFA1: pop     ebx || 0x46AFA2: retn    8	EAX	db 0Bh dup(90h)
0046AFC4	5	BulletClass_Save_Suffix	BulletExtHook.cpp:73	C2 90	0x46AFC4: retn    0Ch || 0x46AFC7: db 9 dup(90h)		db 9 dup(90h)
00466556	6	BulletClass_Init	BulletExtHook.cpp:84	88	0x466556: mov     [ecx+158h], dl	[ECX+158H]	pop     ebx
00468B5D	6	BulletClass_Put	BulletExtHook.cpp:97	8A	0x468B5D: mov     al, [ebx+90h]	AL	test    al, al
004666F7	6	BulletClass_Update	BulletExtHook.cpp:112	8A	0x4666F7: mov     al, [ebp+90h]	AL	test    al, al
00467FEE	6	BulletClass_UpdateEnd	BulletExtHook.cpp:125	5F 5E 5D 5B 8B	0x467FEE: pop     edi || 0x467FEF: pop     esi || 0x467FF0: pop     ebp || 0x467FF1: pop     ebx || 0x467FF2: mov     esp, ebp	EDI	pop     ebp
00466781	6	BulletClass_UpdateEnd	BulletExtHook.cpp:126	5F 5E 5D 5B 8B	0x466781: pop     edi || 0x466782: pop     esi || 0x466783: pop     ebp || 0x466784: pop     ebx || 0x466785: mov     esp, ebp	EDI	pop     ebp
004690C1	8	BulletClass_Detonate	BulletExtHook.cpp:139	C7	0x4690C1: mov     [esp+0A0h+var_6C], 1	[ESP+0A0H+VAR_6C]	mov     byte ptr [esp+0Fh], 0
00469A75	7	BulletClass_Detonate_GetHouse	BulletExtHook.cpp:165	51 8B	0x469A75: push    ecx; OwnerHouse || 0x469A76: mov     ecx, [esi+BulletClass.Warhead]	ECX	push    1; a5
00469C46	8	BulletClass_Detonate_WHAnim_Remap	BulletExtHook.cpp:184	85 0F	0x469C46: test    ebx, ebx || 0x469C48: jz      loc_469D06		push    size AnimClass; unsigned int
00469D5C	6	BulletClass_Detonate_WHVxlDebris_Remap	BulletExtHook.cpp:207	8B	0x469D5C: mov     ecx, Scenario	ECX	mov     edi, [eax+WarheadTypeClass.DebrisMaximums.count]
00469EB4	6	BulletClass_Detonate_WHDebris_Remap	BulletExtHook.cpp:224	0F	0x469EB4: jnz     loc_469E34		mov     eax, [esi+BulletClass.Type]
004683E2	5	BulletClass_DrawSHP_Colour	BulletExtHook.cpp:247	68	0x4683E2: push    3E8h; _DWORD		push    ecx; _DWORD
004683E7	9	BulletClass_DrawSHP_Bright	BulletExtHook.cpp:267	51 8B FF	0x4683E7: push    ecx; _DWORD || 0x4683E8: mov     ecx, esi || 0x4683EA: call    dword ptr [edx+1D0h]	ECX	mov     ecx, eax; a1
0046B201	7	BulletClass_DrawVXL_Colour	BulletExtHook.cpp:278	8B	0x46B201: mov     ecx, [esp+0FCh+arg_18]	ECX	and     edx, 0FFFFFFFEh
0046745C	7	BulletClass_Update_ChangeVelocity	BulletExtHook.cpp:294	8D	0x46745C: lea     ecx, [esp+1A8h+edx0]	ECX	push    ecx
004677C7	8	BulletClass_Update_ChangeVelocity_Locked	BulletExtHook.cpp:313	89 89	0x4677C7: mov     [esp+1A8h+pos.X], esi || 0x4677CB: mov     [esp+1A8h+pos.Y], edi	[ESP+1A8H+POS.X]	mov     [esp+1A8h+pos.Z], eax
00466E18	6	BulletClass_CheckHight_UnderGround	BulletExtHook.cpp:334	FF	0x466E18: call    dword ptr [edx+1C8h]		test    eax, eax
00467E53	6	BulletClass_AI_PreDetonation_Vector	BulletExtHook.cpp:361	8B	0x467E53: mov     ecx, [ebp+128h]	ECX	push    offset aNuke; "NUKE"
0046BDD9	5	BulletTypeClass_CTOR	BulletTypeExtHook.cpp:10	5E 5B C2	0x46BDD9: pop     esi || 0x46BDDA: pop     ebx || 0x46BDDB: retn    4	ESI	db 2 dup(90h)
0046C8B6	6	BulletTypeClass_SDDTOR	BulletTypeExtHook.cpp:21	8B	0x46C8B6: mov     edx, vec_Abstracts_1.vt	EDX	lea     eax, [esp+8+var_4]
0046C730	8	BulletTypeClass_SaveLoad_Prefix	BulletTypeExtHook.cpp:30	8B 8B	0x46C730: mov     eax, [esp+arg_8] || 0x46C734: mov     ecx, [esp+arg_4]	EAX	mov     edx, [esp+arg_0]
0046C6A0	5	BulletTypeClass_SaveLoad_Prefix	BulletTypeExtHook.cpp:31	8B 56	0x46C6A0: mov     eax, [esp+arg] || 0x46C6A4: push    esi	EAX	mov     esi, [esp+4+object]
0046C722	4	BulletTypeClass_Load_Suffix	BulletTypeExtHook.cpp:41	5E C2	0x46C722: pop     esi || 0x46C723: retn    8	ESI	db 0Ah dup(90h)
0046C74A	3	BulletTypeClass_Save_Suffix	BulletTypeExtHook.cpp:48	C2	0x46C74A: retn    0Ch		db 3 dup(90h)
0046C429	10	BulletTypeClass_LoadFromINI	BulletTypeExtHook.cpp:55	5E 32 5B 81	0x46C429: pop     esi || 0x46C42A: xor     al, al || 0x46C42C: pop     ebx || 0x46C42D: add     esp, 84h	ESI	retn    4
0046C41C	10	BulletTypeClass_LoadFromINI	BulletTypeExtHook.cpp:56	5E B0 5B 81	0x46C41C: pop     esi || 0x46C41D: mov     al, 1 || 0x46C41F: pop     ebx || 0x46C420: add     esp, 84h	ESI	retn    4
004C1E42	5	EBolt_CTOR	EBoltExtHook.cpp:23	89 5F 5E	0x4C1E42: mov     [edi+8], esi || 0x4C1E45: pop     edi || 0x4C1E46: pop     esi	[EDI+8]	retn
004C2951	5	EBolt_DTOR	EBoltExtHook.cpp:31	A1	0x4C2951: mov     eax, vec_EBolts.vt	EAX	lea     edx, [esp+34h+Memory]
006FD494	7	TechnoClass_FireEBolt_SetWeaponData	EBoltExtHook.cpp:44	8B 8B FF	0x6FD494: mov     eax, [edi] || 0x6FD496: mov     ecx, edi || 0x6FD498: call    dword ptr [eax+2Ch]	EAX	mov     ebx, [esp+30h+a2]
004C28B6	6	EBolt_Draw_Update	EBoltExtHook.cpp:81	8B 8D	0x4C28B6: mov     ecx, [eax+28h] || 0x4C28B9: lea     ebx, [eax+28h]	ECX	test    ecx, ecx
004C20BC	11	EBolt_Draw_Arcs	EBoltExtHook.cpp:110	83 0F	0x4C20BC: cmp     [esp+408h+var_3E0], 8 || 0x4C20C1: jge     loc_4C2400		xor     ecx, ecx
004C24C3	9	EBolt_DrawFirst_Color	EBoltExtHook.cpp:120	8B 8B	0x4C24C3: mov     ecx, [eax+4] || 0x4C24C6: mov     edx, [eax+174h]	ECX	cmp     ecx, 1
004C25D0	6	EBolt_DrawSecond_Color	EBoltExtHook.cpp:130	83 75	0x4C25D0: cmp     dword ptr [eax+4], 1 || 0x4C25D4: jnz     short loc_4C25EA		mov     eax, [eax+174h]
004C26D5	6	EBolt_DrawThird_Color	EBoltExtHook.cpp:140	8B	0x4C26D5: mov     ecx, [eax+174h]	ECX	xor     eax, eax
004C2AE7	6	EBolt_Fire_DisableParticle	EBoltExtHook.cpp:150	8B	0x4C2AE7: mov     ecx, vec_EBolts.length	ECX	mov     eax, ecx
004F4497	6	GScreenClass_Render	GScreenHook.cpp:21	8B	0x4F4497: mov     ecx, WWMouse	ECX	push    0
004F4583	6	GScreenClass_Render_Late	GScreenHook.cpp:27	8B	0x4F4583: mov     ecx, WWMouse	ECX	mov     eax, DSurface_Composite
006A70EB	6	SidebarClass_DrawIt	GScreenHook.cpp:34	38	0x6A70EB: cmp     [edi+53A5h], bl		jz      loc_6A7488
0052BA60	5	YR_Boot	GeneralHook.cpp:40	B8	0x52BA60: mov     eax, 2F30h	EAX	call    __alloca_probe
0052F639	5	YR_CmdLineParse	GeneralHook.cpp:45	33 83	0x52F639: xor     ebx, ebx || 0x52F63B: cmp     edi, 1	EBX	mov     Debug_Map, bl
007CD810	9	ExeRun	GeneralHook.cpp:57	8B 6A 68	0x7CD810: mov     ebp, esp || 0x7CD812: push    0FFFFFFFFh || 0x7CD814: push    offset stru_7F9798	EBP	push    offset unknown_libname_70; Microsoft VisualC 2-8/net runtime
006851F0	6	Scenario_ClearClasses_Start	GeneralHook.cpp:81	A1 53	0x6851F0: mov     eax, Scenario || 0x6851F5: push    ebx	EAX	mov     edx, 4000h; a2
00685659	10	Scenario_ClearClasses_End	GeneralHook.cpp:88	C7	0x685659: mov     dword ptr [edx+214h], 0F4240h	DWORD	retn
006875F3	6	Scenario_Start1	GeneralHook.cpp:96	8B	0x6875F3: mov     ecx, TacticalMap	ECX	cmp     ecx, ebx
0055AFB3	6	LogicClass_Update	GeneralHook.cpp:108	8B	0x55AFB3: mov     edx, dword_ABCD40	EDX	mov     [esp+28h+var_28], ecx
0055B719	5	LogicClass_Update_Late	GeneralHook.cpp:114	83 C3 90	0x55B719: add     esp, 28h || 0x55B71C: retn || 0x55B71D: db 3 dup(90h)	ESP	db 3 dup(90h)
004F6532	5	HouseClass_CTOR	HouseExtHook.cpp:16	5D 5B 83	0x4F6532: pop     ebp || 0x4F6533: pop     null || 0x4F6534: add     esp, 34h	EBP	retn    4
004F7371	6	HouseClass_DTOR	HouseExtHook.cpp:28	8B	0x4F7371: mov     edx, vec_Houses.VTable	EDX	lea     eax, [esp+10h]
00504080	5	HouseClass_SaveLoad_Prefix	HouseExtHook.cpp:37	8B 53	0x504080: mov     eax, [esp+a4] || 0x504084: push    ebx	EAX	push    ebp
00503040	5	HouseClass_SaveLoad_Prefix	HouseExtHook.cpp:38	83 53 55	0x503040: sub     esp, 10h || 0x503043: push    ebx || 0x503044: push    ebp	ESP	push    esi
00504069	7	HouseClass_Load_Suffix	HouseExtHook.cpp:48	5F 5E 5D 5B 83	0x504069: pop     edi || 0x50406A: pop     esi || 0x50406B: pop     ebp || 0x50406C: pop     ebx || 0x50406D: add     esp, 10h	EDI	retn    8
005046DE	7	HouseClass_Save_Suffix	HouseExtHook.cpp:55	5F 5E 5D 5B C2	0x5046DE: pop     edi || 0x5046DF: pop     esi || 0x5046E0: pop     ebp || 0x5046E1: pop     ebx || 0x5046E2: retn    0Ch	EDI	db 0Bh dup(90h)
0050114D	5	HouseClass_InitFromINI	HouseExtHook.cpp:62	5E 5B 8B 5D	0x50114D: pop     esi || 0x50114E: pop     ebx || 0x50114F: mov     esp, ebp || 0x501151: pop     ebp	ESI	retn    4
005194EF	5	InfantryClass_DrawIt_InAir_Shadow_Skip	InfantryExtHook.cpp:17	A1	0x5194EF: mov     eax, SHP	EAX	test    eax, eax
005184F7	8	Infantry_ReceiveDamage_DeathAnim	InfantryExtHook.cpp:28	8A 84	0x5184F7: mov     cl, [eax+InfantryTypeClass.NotHuman] || 0x5184FD: test    cl, cl	CL	jz      loc_5185C8
0051F5C0	6	Infantry_Mission_Hunt_Deploy	InfantryExtHook.cpp:47	8B	0x51F5C0: mov     ecx, [esi+21Ch]; this	ECX	call    HouseClass::Is_Human
00550D1F	6	LaserDrawClass_DrawInHouseColor_Context_Set	LaserDrawHook.cpp:19	8B 8B	0x550D1F: mov     edi, [esp+144h+var_11C] || 0x550D23: mov     eax, edi	EDI	and     eax, ecx
00550F47	0	LaserDrawClass_DrawInHouseColor_BetterDrawing	LaserDrawHook.cpp:26				mov     al, [ebx+21h]
00489280	6	MapClass_DamageArea	MapExtHook.cpp:24	55 8B 83	0x489280: push    ebp || 0x489281: mov     ebp, esp || 0x489283: and     esp, -8	EBP	sub     esp, 0D4h
00481D0E	6	CellClass_CrateBeingCollected_Firepower1	MapExtHook.cpp:92	8B	0x481D0E: mov     eax, [edi+160h]	EAX	test    eax, eax
00481C6C	6	CellClass_CrateBeingCollected_Armor1	MapExtHook.cpp:106	8B	0x481C6C: mov     eax, [edi+158h]	EAX	test    eax, eax
00481CE1	6	CellClass_CrateBeingCollected_Speed1	MapExtHook.cpp:120	8B	0x481CE1: mov     eax, [edi+580h]	EAX	test    eax, eax
00481D3D	6	CellClass_CrateBeingCollected_Cloak1	MapExtHook.cpp:134	8A	0x481D3D: mov     al, [edi+3D2h]	AL	test    al, al
00483226	6	CellClass_CrateBeingCollected_Firepower2	MapExtHook.cpp:154	8B	0x483226: mov     eax, dword ptr [ecx+(TechnoClass.FirepowerMultiplier+4)]	EAX	test    eax, eax
00482E57	6	CellClass_CrateBeingCollected_Armor2	MapExtHook.cpp:171	8B	0x482E57: mov     eax, dword ptr [ecx+_TechnoClass.t.ArmorMultiplier]	EAX	test    eax, eax
0048303A	6	CellClass_CrateBeingCollected_Speed2	MapExtHook.cpp:188	8B	0x48303A: mov     eax, dword ptr [edi+(FootClass.SpeedMult+4)]	EAX	test    eax, eax
0069251A	6	ScrollClass_ProcessClickCoords_VirtualUnit	MapExtHook.cpp:219	8B 8B	0x69251A: mov     edi, [esp+28h+arg_C] || 0x69251E: mov     ecx, eax; this	EDI	mov     [edi], eax
006DA3FF	6	TacticalClass_SelectAt_VirtualUnit	MapExtHook.cpp:240	8A	0x6DA3FF: mov     cl, [eax+41Ah]	CL	test    cl, cl
006D5116	5	TacticalClass_Draw_Placement_Recheck	MapExtHook.cpp:263	0F	0x6D5116: movsx   ebx, word ptr [esp+54h+var_40]	EBX	mov     si, word ptr [esp+54h+var_40+2]
004A904E	5	DisplayClass_Passes_Proximity_Check_MobileMCV	MapExtHook.cpp:457	8A 5D	0x4A904E: mov     al, byte ptr [esp+30h+FoundationStart] || 0x4A9052: pop     ebp	AL	pop     ebx
0062A13F	5	ParasiteClass_Update_Anim_Remap	ParasiteExtHooks.cpp:14	68	0x62A13F: push    size AnimClass; unsigned int		call    new; size AnimClass
006297F0	6	ParasiteClass_GrappleUpdate_Anim_Remap	ParasiteExtHooks.cpp:29	55 8B 83	0x6297F0: push    ebp || 0x6297F1: mov     ebp, esp || 0x6297F3: and     esp, 0FFFFFFF8h	EBP	sub     esp, 58h
004101F0	6	AbstractClass_DTOR	PointerExpireHook.cpp:25	C7	0x4101F0: mov     dword ptr [ecx], offset AbstractClass::`vftable'{for `AbstractClass'}	DWORD	mov     dword ptr [ecx+4], offset AbstractClass::`vftable'{for `IRTTITypeInfo'}
005F65F1	5	ObjectClass_UnInit	PointerExpireHook.cpp:32	8B 8B	0x5F65F1: mov     esi, ecx || 0x5F65F3: mov     ecx, [esi+38h]; this	ESI	test    ecx, ecx
007258D0	6	DetachThisFromAll	PointerExpireHook.cpp:41	51 53 55 56 8B	0x7258D0: push    ecx || 0x7258D1: push    ebx || 0x7258D2: push    ebp || 0x7258D3: push    esi || 0x7258D4: mov     esi, ecx	ESI	push    edi
0067CEF0	6	SaveGame_Start	SaveGameHook.cpp:29	81	0x67CEF0: sub     esp, 490h	ESP	push    ebx
0067D2F1	6	SaveGame_End	SaveGameHook.cpp:38	5F 5E 8A 5D 5B	0x67D2F1: pop     edi || 0x67D2F2: pop     esi || 0x67D2F3: mov     al, bl || 0x67D2F5: pop     ebp || 0x67D2F6: pop     ebx	EDI	add     esp, 490h
0067D300	5	SaveGameInStream_Start	SaveGameHook.cpp:47	83 53 55	0x67D300: sub     esp, 8 || 0x67D303: push    ebx || 0x67D304: push    ebp	ESP	push    esi
0067E42E	13	SaveGameInStream_End	SaveGameHook.cpp:55	85 5F 5E 5D 5B 0F 83 C3	0x67E42E: test    eax, eax || 0x67E430: pop     edi || 0x67E431: pop     esi || 0x67E432: pop     ebp || 0x67E433: pop     ebx || 0x67E434: setnl   al || 0x67E437: add     esp, 8 || 0x67E43A: retn	EDI	db 5 dup(90h)
0067E440	6	LoadGame_Start	SaveGameHook.cpp:63	81	0x67E440: sub     esp, 508h	ESP	push    ebx
0067E720	6	LoadGame_End	SaveGameHook.cpp:71	5F 5E 8A 5D 5B	0x67E720: pop     edi || 0x67E721: pop     esi || 0x67E722: mov     al, bl || 0x67E724: pop     ebp || 0x67E725: pop     ebx	EDI	add     esp, 508h
0067E730	5	LoadGameInStream_Start	SaveGameHook.cpp:79	83 53 55	0x67E730: sub     esp, 4Ch || 0x67E733: push    ebx || 0x67E734: push    ebp	ESP	push    esi
0067F7C8	5	LoadGameInStream_End	SaveGameHook.cpp:88	5F 5E 5D B0	0x67F7C8: pop     edi || 0x67F7C9: pop     esi || 0x67F7CA: pop     ebp || 0x67F7CB: mov     al, 1	EDI	pop     ebx
006B6CDF	7	SpawnManagerClass_CreateSpawnNode	SpawnManagerExtHook.cpp:52	89 8B	0x6B6CDF: mov     [esi+28h], eax || 0x6B6CE2: mov     eax, [esp+1Ch+num]	[ESI+28H]	mov     [esi+24h], edx
006B6D4D	6	SpawnManagerClass_CreateSpawnNode_CreateAircraft	SpawnManagerExtHook.cpp:85	FF	0x6B6D4D: call    dword ptr [ebx+8Ch]		xor     ebx, ebx
006B78E4	6	SpawnManagerClass_Update_CreateAircraft	SpawnManagerExtHook.cpp:114	FF	0x6B78E4: call    [edi+vt_TechnoTypeClass.o.CreateInstance]		mov     ecx, [ebp+0]
006B7317	7	SpawnManagerClass_Update_MissileSpawn_SkipMovingCheck	SpawnManagerExtHook.cpp:143	8B 55 8B	0x6B7317: mov     ebp, [ebp+0] || 0x6B731A: push    ebp; this || 0x6B731B: mov     ecx, [ebp+0]; this	EBP	call    [ecx+vt_ILocomotion_LocomotionClass.Is_Moving]
006B743E	6	SpawnManagerClass_Update_PutSpawns	SpawnManagerExtHook.cpp:171	8B	0x6B743E: mov     eax, [ecx+_FootClass.f.t.CurrentSpawnIndex]	EAX	test    eax, eax
006B796A	5	SpawnManagerClass_Update_PutSpawns_FireOnce	SpawnManagerExtHook.cpp:250	8B 33	0x6B796A: mov     eax, [esi+SpawnManagerClass.SomeTimestamp] || 0x6B796D: xor     ecx, ecx	EAX	xor     bl, bl
006B77B4	7	SpawnManagerClass_Update_Callback	SpawnManagerExtHook.cpp:267	66 66	0x6B77B4: mov     cx, [eax] || 0x6B77B7: cmp     cx, [ebp+0]	CX	jnz     short loc_6B7838
006B7A32	5	SpawnManagerClass_Update_Add_Missile_Target	SpawnManagerExtHook.cpp:278	B9	0x6B7A32: mov     ecx, offset KamikazeContainer; this	ECX	call    Kamikaze_Append
0054E478	5	KamikazeTrackerClass_Add	SpawnManagerExtHook.cpp:312	B8	0x54E478: mov     eax, 1	EAX	mov     [esi+6CAh], al
0054E51D	5	KamikazeContainer_Update_SetTargetBefore	SpawnManagerExtHook.cpp:339	8B 8B	0x54E51D: mov     ecx, [eax+4] || 0x54E520: mov     esi, [eax]	ECX	test    ecx, ecx
0054E524	10	KamikazeContainer_Update_SetTarget	SpawnManagerExtHook.cpp:348	C7	0x54E524: mov     dword ptr [esi+2FCh], 1	DWORD	jnz     short loc_54E562
0054E540	7	KamikazeContainer_Update_SetTarget_Zero	SpawnManagerExtHook.cpp:363	8B 8B C1	0x54E540: mov     edi, [eax] || 0x54E542: mov     edx, [esi] || 0x54E544: shr     edi, 0Ch	EDI	inc     edi
0054E56D	6	KamikazeContainer_Update_SetTargetAfter	SpawnManagerExtHook.cpp:370	8B 6A 6A	0x54E56D: mov     eax, [esi] || 0x54E56F: push    0 || 0x54E571: push    1	EAX	mov     ecx, esi
006622C0	6	RocketLocomotionClass_Process	SpawnManagerExtHook.cpp:387	55 8B 83	0x6622C0: push    ebp || 0x6622C1: mov     ebp, esp || 0x6622C3: and     esp, 0FFFFFFF8h	EBP	sub     esp, 9Ch
00662CAC	6	RocketLocomotionClass_Process_Step5_To_Lazy_4	SpawnManagerExtHook.cpp:409	8D 57 8B	0x662CAC: lea     ebx, [esi-4]; case 0x4 || 0x662CAF: push    edi || 0x662CB0: mov     ecx, ebx	EBX	call    sub_6620F0
0066304F	5	RocketLocomotionClass_663030	SpawnManagerExtHook.cpp:423	A1	0x66304F: mov     eax, RulesData	EAX	mov     ecx, [edx+AircraftClass.AircraftType]
006FA2A2	6	TechnoClass_Update_DrawBehind	StandExtHook.cpp:22	8A	0x6FA2A2: mov     cl, [eax+_TechnoTypeClass.t.CanBeHidden]	CL	test    cl, cl
006FA45D	6	TechnoClass_Update_NotHuman_ClearTarget_Stand	StandExtHook.cpp:34	8A	0x6FA45D: mov     al, [esi+_TechnoClass.t.Berzerk]	AL	test    al, al
005F6B90	5	ObjectClass_InAir_SkipCheckIsOnMap	StandExtHook.cpp:44	8A 84	0x5F6B90: mov     al, [ecx+74h] || 0x5F6B93: test    al, al	AL	jz      short loc_5F6BAF
004D94B0	5	FootClass_SetDestination_Stand	StandExtHook.cpp:58	83 53 55	0x4D94B0: sub     esp, 1Ch || 0x4D94B3: push    ebx || 0x4D94B4: push    ebp	ESP	mov     ebp, ecx
00508EC6	5	HouseClass_RadarUpdate_Stand	StandExtHook.cpp:71	8A 84	0x508EC6: mov     bl, [eax+74h] || 0x508EC9: test    bl, bl	BL	jz      short loc_508F08
00508F9B	5	HouseClass_SpySatUpdate_Stand	StandExtHook.cpp:82	8A 84	0x508F9B: mov     al, [ecx+74h] || 0x508F9E: test    al, al	AL	jz      short loc_508FF6
006FC749	5	TechnoClass_CanFire_WhichLayer_Stand	StandExtHook.cpp:93	83 74	0x6FC749: cmp     eax, 2 || 0x6FC74C: jz      short loc_6FC762		mov     eax, [edi+0A0h]
006FF66C	6	TechnoClass_Fire_DecreaseAmmo	StandExtHook.cpp:121	8A	0x6FF66C: mov     al, [this+_TechnoClass.t.BelongsToHumanPlayer]	AL	test    al, al
006FCDBE	6	TechnoClass_SetTarget_Stand	StandExtHook.cpp:141	8B	0x6FCDBE: mov     eax, [esi+TechnoClass.LastTarget]	EAX	mov     [esi+50Ch], bl
004D9947	6	FootClass_Greatest_Threat_GetTarget	StandExtHook.cpp:160	8A	0x4D9947: mov     cl, [esi+688h]	CL	test    cl, cl
0055DBC3	5	MainLoop_ShortLayerClass	StandExtHook.cpp:225	B9	0x55DBC3: mov     ecx, offset unk_8A0390	ECX	call    sub_551A30
004DA87A	6	FootClass_Update_UpdateLayer	StandExtHook.cpp:231	38	0x4DA87A: cmp     [esi+90h], bl		jz      loc_4DAF00
004DB091	6	FootClass_GetZAdjustment	StandExtHook.cpp:251	8B 03	0x4DB091: mov     ecx, [esp+10h+Z_Adjust] || 0x4DB095: add     eax, edi	ECX	pop     edi
005F6BF7	5	ObjectClass_GetYSort	StandExtHook.cpp:328	8B 8B	0x5F6BF7: mov     ecx, [edi+4] || 0x5F6BFA: mov     edx, [eax]	ECX	add     ecx, edx
0075C7E0	5	WalkLocomotionClass_In_Which_Layer	StandExtHook.cpp:417	B8	0x75C7E0: mov     eax, 2	EAX	retn    4
006A3E50	5	ShipLocomotionClass_In_Which_Layer	StandExtHook.cpp:425	B8	0x6A3E50: mov     eax, 2	EAX	retn    4
005B19D0	5	MechLocomotionClass_In_Which_Layer	StandExtHook.cpp:433	B8	0x5B19D0: mov     eax, 2	EAX	retn    4
00517100	5	HoverLocomotionClass_In_Which_Layer	StandExtHook.cpp:441	B8	0x517100: mov     eax, 2	EAX	retn    4
004B4820	5	DriveLocomotionClass_In_Which_Layer	StandExtHook.cpp:449	B8	0x4B4820: mov     eax, 2	EAX	retn    4
0054B8E9	6	JumpjetLocomotionClass_In_Which_Layer_Deviation	StandExtHook.cpp:458	8A	0x54B8E9: mov     cl, [eax+8Ch]	CL	test    cl, cl
00414C27	5	AircraftClass_Update_SkipCreateChronoSparkleAnimOnStand	StandExtHook.cpp:473	68	0x414C27: push    size AnimClass; unsigned int		call    new; size AnimClass
00440406	5	BuildingClass_Update_SkipCreateChronoSparkleAnimOnStand1	StandExtHook.cpp:485	BF	0x440406: mov     edi, BuildingTypeClass.HalfDamageSmokeLoc	EDI	mov     eax, Frame
0044050C	5	BuildingClass_Update_SkipCreateChronoSparkleAnimOnStand2	StandExtHook.cpp:497	68	0x44050C: push    size AnimClass; unsigned int		call    new; size AnimClass
0051BB17	5	InfantryClass_Update_SkipCreateChronoSparkleAnimOnStand	StandExtHook.cpp:509	68	0x51BB17: push    size AnimClass; unsigned int		call    new; size AnimClass
00736250	5	UnitClass_Update_SkipCreateChronoSparkleAnimOnStand	StandExtHook.cpp:521	68	0x736250: push    size AnimClass; sz		call    new; size AnimClass
006CE6F6	5	SuperWeaponTypeClass_CTOR	SuperWeaponTypeHook.cpp:10	5D 5B C2	0x6CE6F6: pop     ebp || 0x6CE6F7: pop     ebx || 0x6CE6F8: retn    4	EBP	db 5 dup(90h)
006CEFE0	8	SuperWeaponTypeClass_SDDTOR	SuperWeaponTypeHook.cpp:21	51 56 8B 8D	0x6CEFE0: push    ecx || 0x6CEFE1: push    esi || 0x6CEFE2: mov     esi, ecx || 0x6CEFE4: lea     eax, [esp+8+item]	ESI	mov     ecx, offset vec_SuperWeaponTypes
006CE8D0	8	SuperWeaponTypeClass_SaveLoad_Prefix	SuperWeaponTypeHook.cpp:29	8B 8B	0x6CE8D0: mov     eax, [esp+a4] || 0x6CE8D4: mov     ecx, [esp+pStm]	EAX	mov     edx, [esp+this]
006CE800	10	SuperWeaponTypeClass_SaveLoad_Prefix	SuperWeaponTypeHook.cpp:30	8B 81	0x6CE800: mov     eax, [esp+pStm] || 0x6CE804: sub     esp, 204h	EAX	push    esi
006CE8BE	7	SuperWeaponTypeClass_Load_Suffix	SuperWeaponTypeHook.cpp:40	5E 81	0x6CE8BE: pop     esi || 0x6CE8BF: add     esp, 204h	ESI	retn    8
006CE8EA	3	SuperWeaponTypeClass_Save_Suffix	SuperWeaponTypeHook.cpp:46	C2	0x6CE8EA: retn    0Ch		db 3 dup(90h)
006CEE50	10	SuperWeaponTypeClass_LoadFromINI	SuperWeaponTypeHook.cpp:52	5D 32 5B 81	0x6CEE50: pop     ebp || 0x6CEE51: xor     al, al || 0x6CEE53: pop     ebx || 0x6CEE54: add     esp, 3F0h	EBP	retn    4
006CEE43	10	SuperWeaponTypeClass_LoadFromINI	SuperWeaponTypeHook.cpp:53	5D B0 5B 81	0x6CEE43: pop     ebp || 0x6CEE44: mov     al, 1 || 0x6CEE46: pop     ebx || 0x6CEE47: add     esp, 3F0h	EBP	retn    4
006F3260	5	TechnoClass_CTOR	TechnoExtHook.cpp:36	8B 5F 5E 5D	0x6F3260: mov     eax, esi || 0x6F3262: pop     edi || 0x6F3263: pop     esi || 0x6F3264: pop     ebp	EAX	pop     ebx
006F4500	5	TechnoClass_DTOR	TechnoExtHook.cpp:49	51 53 56 8B	0x6F4500: push    ecx || 0x6F4501: push    ebx || 0x6F4502: push    esi || 0x6F4503: mov     esi, ecx	ESI	xor     ebx, ebx
0070C250	8	TechnoClass_SaveLoad_Prefix	TechnoExtHook.cpp:64	8B 8B	0x70C250: mov     eax, [esp+a4] || 0x70C254: mov     ecx, [esp+a3]	EAX	mov     edx, [esp+this]
0070BF50	5	TechnoClass_SaveLoad_Prefix	TechnoExtHook.cpp:65	8B 53	0x70BF50: mov     eax, [esp+a2] || 0x70BF54: push    ebx; a4	EAX	push    esi; a3
0070C249	5	TechnoClass_Load_Suffix	TechnoExtHook.cpp:75	5E 5B C2	0x70C249: pop     esi || 0x70C24A: pop     ebx || 0x70C24B: retn    8	ESI	db 2 dup(90h)
0070C264	5	TechnoClass_Save_Suffix	TechnoExtHook.cpp:82	33 C2	0x70C264: xor     eax, eax || 0x70C266: retn    0Ch	EAX	db 7 dup(90h)
006F42ED	10	TechnoClass_Init	TechnoExtHook.cpp:93	C7	0x6F42ED: mov     [esi+_TechnoClass.t.field_49C], 0	[ESI+_TECHNOCLASS.T.FIELD_49C]	pop     esi
006F6CA0	7	TechnoClass_Put	TechnoExtHook.cpp:106	8B 83	0x6F6CA0: mov     eax, dword ptr [esp+a3.X] || 0x6F6CA4: sub     esp, 18h	EAX	push    esi
006F6AC4	5	TechnoClass_Remove	TechnoExtHook.cpp:123	56 8B 33	0x6F6AC4: push    esi || 0x6F6AC5: mov     esi, ecx || 0x6F6AC7: xor     ebx, ebx	ESI	cmp     [esi+_TechnoClass.t.r.m.o.InLimbo], bl
006F9E50	5	TechnoClass_Update	TechnoExtHook.cpp:136	83 53 55	0x6F9E50: sub     esp, 68h || 0x6F9E53: push    ebx || 0x6F9E54: push    ebp	ESP	push    esi
006FAFFD	7	TechnoClass_UpdateEnd	TechnoExtHook.cpp:150	5F 5E 5D 5B 83	0x6FAFFD: pop     edi || 0x6FAFFE: pop     esi || 0x6FAFFF: pop     ebp || 0x6FB000: pop     ebx || 0x6FB001: add     esp, 68h	EDI	retn
006FAF7A	7	TechnoClass_UpdateEnd	TechnoExtHook.cpp:151	5F 5E 5D 5B 83	0x6FAF7A: pop     edi || 0x6FAF7B: pop     esi || 0x6FAF7C: pop     ebp || 0x6FAF7D: pop     ebx || 0x6FAF7E: add     esp, 68h	EDI	retn
0044055D	6	TechnoClass_WarpUpdate	TechnoExtHook.cpp:165	8B	0x44055D: mov     eax, [esi+BuildingClass.t.Target]	EAX	test    eax, eax
0051BBDF	6	TechnoClass_WarpUpdate	TechnoExtHook.cpp:166	8B	0x51BBDF: mov     eax, [esi+_TechnoClass.t.Target]	EAX	test    eax, eax
00736321	6	TechnoClass_WarpUpdate	TechnoExtHook.cpp:167	8B	0x736321: mov     eax, [esi+2B4h]	EAX	test    eax, eax
00414CF2	6	TechnoClass_WarpUpdate	TechnoExtHook.cpp:168	8B	0x414CF2: mov     eax, [esi+_TechnoClass.t.Target]	EAX	test    eax, eax
0071A88D	8	TemporalClass_Update	TechnoExtHook.cpp:181	3B 0F	0x71A88D: cmp     eax, zero || 0x71A88F: jg      loc_71AB08		cmp     [esi+TemporalClass.Victim], zero
0071A917	5	TemporalClass_Update_Eliminate	TechnoExtHook.cpp:201	8B 8B	0x71A917: mov     ecx, [esi+TemporalClass.Owner]; this || 0x71A91A: mov     eax, [ecx]	ECX	call    [eax+vt_TechnoClass.r.m.o.GetTechnoType]
00701900	6	TechnoClass_ReceiveDamage	TechnoExtHook.cpp:217	81	0x701900: sub     esp, 0B4h	ESP	push    ebx
007019D8	5	TechnoClass_ReceiveDamage_At_Least1	TechnoExtHook.cpp:242	83 7D	0x7019D8: cmp     dword ptr [ebx], 1 || 0x7019DB: jge     short loc_7019E3		mov     dword ptr [ebx], 1; Damage = max(Damage, 1);
00471D2E	7	CaptureManagerClass_Is_Controllable	TechnoExtHook.cpp:262	5E B0 5B C2	0x471D2E: pop     esi || 0x471D2F: mov     al, 1 || 0x471D31: pop     ebx || 0x471D32: retn    4	ESI	pop     esi
0053B233	6	IonStormClass_Dominator_Activate	TechnoExtHook.cpp:274	38	0x53B233: cmp     [eax+_TechnoTypeClass.t.ImmuneToPsionics], bl		jnz     loc_53B364
00701C45	6	TechnoClass_ReceiveDamage_PsionicWeapons	TechnoExtHook.cpp:287	8A	0x701C45: mov     cl, [eax+_TechnoTypeClass.t.ImmuneToPsionicWeapons]	CL	test    cl, cl
00701C08	10	TechnoClass_ReceiveDamage_Radiation	TechnoExtHook.cpp:298	8B 8B FF	0x701C08: mov     eax, [this+_FootClass.vt] || 0x701C0A: mov     ecx, this || 0x701C0C: call    dword ptr [eax+84h]	EAX	mov     cl, [eax+_TechnoTypeClass.t.ImmuneToRadiation]
00701C78	6	TechnoClass_ReceiveDamage_Poison	TechnoExtHook.cpp:309	8A	0x701C78: mov     cl, [eax+_TechnoTypeClass.t.ImmuneToPoison]	CL	test    cl, cl
005F5498	12	ObjectClass_ReceiveDamage_RealDamage	TechnoExtHook.cpp:324	8B C7	0x5F5498: mov     edx, [esp+20h+pos.X]; predmgHealth || 0x5F549C: mov     [esp+24h+tmpTransitionState], dsUnchanged	EDX	cmp     edx, ecx
00701DFF	7	TechnoClass_ReceiveDamageEnd	TechnoExtHook.cpp:350	8B	0x701DFF: mov     eax, [esp+0C4h+target]	EAX	test    eax, eax
00702050	6	TechnoClass_ReceiveDamage_Destroy	TechnoExtHook.cpp:368	8B	0x702050: mov     ecx, [this+_TechnoClass.t.SlaveManager]; case 0x4	ECX	xor     targ, targ
00702E9D	6	TechnoClass_RegisterDestruction	TechnoExtHook.cpp:381	8A	0x702E9D: mov     al, [edi+_TechnoClass.t.r.m.o.InOpenTopped]	AL	test    al, al
006FC339	6	TechnoClass_CanFire	TechnoExtHook.cpp:402	8A	0x6FC339: mov     al, [edi+14Fh]	AL	test    al, al
006FDD50	6	TechnoClass_Fire	TechnoExtHook.cpp:433	55 8B 83	0x6FDD50: push    ebp || 0x6FDD51: mov     ebp, esp || 0x6FDD53: and     esp, not 7	EBP	sub     esp, 0A4h
006F65D1	6	TechnoClass_DrawHealthBar_Building	TechnoExtHook.cpp:447	8B 89	0x6F65D1: mov     ecx, esi; this || 0x6F65D3: mov     [esp+4Ch+var_34], ebx	ECX	call    ObjectClass::Health_Ratio
006F683C	7	TechnoClass_DrawHealthBar_Other	TechnoExtHook.cpp:462	8B 8B FF	0x6F683C: mov     eax, [esi] || 0x6F683E: mov     ecx, esi || 0x6F6840: call    dword ptr [eax+2Ch]	EAX	cmp     eax, 0Fh
005F45A0	5	TechnoClass_Select	TechnoExtHook.cpp:477	A1	0x5F45A0: mov     eax, ptr_BuildingTypeClass_ToPlace	EAX	test    eax, eax
00730DEB	6	ObjectClass_GuardCommand	TechnoExtHook.cpp:495	FF	0x730DEB: call    dword ptr [edi+378h]		mov     bl, al
00730E56	6	ObjectClass_GuardCommand	TechnoExtHook.cpp:496	FF	0x730E56: call    dword ptr [edi+378h]		mov     bl, al
00730EEB	6	ObjectClass_StopCommand	TechnoExtHook.cpp:512	FF	0x730EEB: call    dword ptr [edx+374h]		mov     bl, al
006F9039	5	TechnoClass_Greatest_Threat_HealWeaponRange	TechnoExtHook.cpp:528	BF	0x6F9039: mov     edi, 200h	EDI	mov     [esp+6Ch+wanteddistance], edi
007012DF	6	TechnoClass_In_WeaponRange	TechnoExtHook.cpp:554	8B	0x7012DF: mov     ebx, [eax+0B4h]	EBX	mov     ecx, esi
007012DF	6	TechnoClass_In_WeaponRange_OpenTopped_Passenger	TechnoExtHook.cpp:574	8B	0x7012DF: mov     ebx, [eax+0B4h]	EBX	mov     ecx, esi
006F72E3	6	TechnoClass_In_Range	TechnoExtHook.cpp:594	8B	0x6F72E3: mov     eax, [ebx+0A0h]	EAX	mov     ebx, edi
007067F1	6	TechnoClass_DrawVxl_DisableCache	TechnoExtHook.cpp:609	0F	0x7067F1: jz      loc_706879		test    ebx, ebx
006FC016	8	TechnoClass_Select_SkipVoice	TechnoExtHook.cpp:628	8B FF	0x6FC016: mov     ecx, esi || 0x6FC018: call    dword ptr [eax+360h]	ECX	mov     ecx, esi
0070EFD0	6	TechnoClass_IsUnderEMP_CantMove	TechnoExtHook.cpp:640	8B	0x70EFD0: mov     edx, [ecx+_TechnoClass.t.EMPDurationRemaining]	EDX	xor     eax, eax
007063FF	7	TechnoClass_DrawSHP_Colour	TechnoExtHook.cpp:653	8B	0x7063FF: mov     ecx, [esp+54h+arg_38]; jumptable 007063F8 case 0	ECX	mov     edx, [esp+54h+ZS_Y]
00706640	5	TechnoClass_DrawVXL_Colour_BuildingTurret	TechnoExtHook.cpp:666	83 53 55	0x706640: sub     esp, 40h || 0x706643: push    ebx || 0x706644: push    ebp	ESP	push    esi
0073C15F	7	UnitClass_DrawVXL_Colour	TechnoExtHook.cpp:678	8B	0x73C15F: mov     ecx, [esp+1C4h+arg]	ECX	push    esi
00702299	10	TechnoClass_Destroy_VxlDebris_Remap	TechnoExtHook.cpp:692	8B 8B FF	0x702299: mov     edx, [this+_FootClass.vt] || 0x70229B: mov     ecx, this || 0x70229D: call    dword ptr [edx+84h]	EDX	mov     targ, [eax+_TechnoTypeClass.t.MaxDebris]
0070256C	6	TechnoClass_Destroy_Debris_Remap	TechnoExtHook.cpp:728	0F	0x70256C: jnz     loc_7024E0; !DebrisTypes = fallback to MetallicDebris		mov     ecx, [this+_FootClass.f.t.CurrentTurretNumber]
007024B0	6	TechnoClass_Destroy_Debris_Remap2	TechnoExtHook.cpp:744	0F	0x7024B0: jnz     loc_70240C		jmp     loc_702572
006FC833	7	TechnoClass_NavalTargeting	TechnoExtHook.cpp:763	83	0x6FC833: cmp     [eax+CellClass.LandType], 2		jz      short loc_6FC879
006F36DB	8	TechnoClass_SelectWeapon	TechnoExtHook.cpp:774	85 0F	0x6F36DB: test    ebp, ebp || 0x6F36DD: jz      @@19		mov     eax, [ebp+0]
006F37EB	6	TechnoClass_SelectWeapon_SecondaryCheckAA_SwitchByRange	TechnoExtHook.cpp:918	8B	0x6F37EB: mov     ecx, [eax+WeaponTypeClass.Projectile]	ECX	mov     al, [ecx+BulletTypeClass.AA]
006FDD61	5	TechnoClass_Fire_OverrideWeapon	TechnoExtHook.cpp:941	8B 8B	0x6FDD61: mov     ecx, [ebp+idxWeapon] || 0x6FDD64: mov     eax, [this]	ECX	push    ecx; slot
0070D6B4	6	TechnoClass_Fire_DeathWeapon_OverrideWeapon	TechnoExtHook.cpp:957	8B	0x70D6B4: mov     edi, [eax+UnitTypeClass.t.DeathWeapon]	EDI	mov     eax, [esi]
0070D773	6	TechnoClass_Fire_DeathWeapon_OverrideWeapon_Stand	TechnoExtHook.cpp:973	8B 8D	0x70D773: mov     eax, [esi] || 0x70D775: lea     ecx, [esp+1Ch+var_C]	EAX	push    ecx
006FF29E	6	TechnoClass_Fire_ROFMultiplier	TechnoExtHook.cpp:995	89	0x6FF29E: mov     [this+_TechnoClass.t.ROF], eax	[THIS+_TECHNOCLASS.T.ROF]	mov     ecx, Frame
004B0521	5	LocomotionClass_Update_Ramp	TechnoExtHook.cpp:1020	8B 8B	0x4B0521: mov     eax, ecx || 0x4B0523: mov     ecx, [edi+1Ch]	EAX	cmp     eax, ecx
0069FC31	5	LocomotionClass_Update_Ramp	TechnoExtHook.cpp:1021	8B 8B	0x69FC31: mov     eax, ecx || 0x69FC33: mov     ecx, [edi+1Ch]	EAX	cmp     eax, ecx
00736A95	6	UnitClass_Rotation_Update_Freezing_TurretSpins	TechnoExtHook.cpp:1033	8A	0x736A95: mov     cl, [eax+0D21h]	CL	test    cl, cl
004CCBB3	5	FlyLocomotionClass_Freeze	TechnoExtHook.cpp:1044	8D 8B	0x4CCBB3: lea     edi, [esi-4] || 0x4CCBB6: mov     ecx, edi	EDI	call    sub_4CE5A0
0054B1D1	6	JumpjetLocomotionClass_MoveTo	TechnoExtHook.cpp:1056	8B 8D	0x54B1D1: mov     ecx, [esi+3Ch] || 0x54B1D4: lea     eax, [esi+3Ch]	ECX	cmp     ecx, edx
0054AED0	5	JumpjetLocomotionClass_Freeze	TechnoExtHook.cpp:1071	56 89	0x54AED0: push    esi || 0x54AED1: mov     [esp+2Ch+var_20], eax	[ESP+2CH+VAR_20]	call    dword ptr [ecx+10h]
0054BED4	7	JumpjetLocomotionClass_Hovering_DeployToLand	TechnoExtHook.cpp:1101	C7	0x54BED4: mov     dword ptr [esi+50h], 4	DWORD	call    _TechnoClass_GetNextMission
0054C2DF	10	JumpjetLocomotionClass_Cruising_DeployToLand	TechnoExtHook.cpp:1118	C7	0x54C2DF: mov     dword ptr [esi+80h], 0	DWORD	mov     dword ptr [esi+50h], 4
0054D600	6	JumpjetLocomotionClass_MovingUpdate_DontTurnInCell	TechnoExtHook.cpp:1137	8B 8D	0x54D600: mov     eax, [ecx] || 0x54D602: lea     edx, [esp+50h+var_C]	EAX	push    edx
0054BC44	8	JumpjetLocomotionClass_Update_State1_DontTurnInCell	TechnoExtHook.cpp:1190	8B 8D	0x54BC44: mov     edx, [esp+24h+var_10]; arg || 0x54BC48: lea     eax, [esp+24h+arg]	EDX	lea     ecx, [esi+54h]; Facing
0054BF53	5	JumpjetLocomotionClass_Update_State2_MarkDir	TechnoExtHook.cpp:1215	89 52	0x54BF53: mov     [esp+2Ch+arg], ecx || 0x54BF57: push    edx; arg	[ESP+2CH+ARG]	lea     ecx, [esi+54h]; Facing
0054BE6D	6	JumpjetLocomotionClass_Update_State2_BalloonHover	TechnoExtHook.cpp:1245	8A	0x54BE6D: mov     cl, [eax+0D6Ah]	CL	test    cl, cl
0054C0BB	7	JumpjetLocomotionClass_Update_State3_DontTurnInCell	TechnoExtHook.cpp:1282	8B 8D	0x54C0BB: mov     edx, dword ptr [esp+38h+var_18.X]; arg || 0x54C0BF: lea     edi, [esi+54h]	EDX	lea     eax, [esp+38h+var_18]
0054C0FC	6	JumpjetLocomotionClass_Update_State3_BalloonHover	TechnoExtHook.cpp:1306	8B 83	0x54C0FC: mov     eax, [esi+40h] || 0x54C0FF: sub     esp, 8	EAX	sub     edx, eax
006622E0	6	RocketLocomotionClass_Update_Freezing	TechnoExtHook.cpp:1342	8B	0x6622E0: mov     edx, [ecx+AircraftClass.AircraftType]	EDX	cmp     edx, edi
00739971	6	UnitClass_TryToDeploy_TransferAE	TechnoExtHook.cpp:1353	8D	0x739971: lea     eax, [ebp+_TechnoClass.t.StrX_6]; Kratos Hook 0x739971 (UnitClass_TryToDeploy_TransferAE): EBP=源载具(this), EBX=新建筑。建筑已 Put、载具尚未 UnInit。	EAX	lea     edi, [ebx+_TechnoClass.t.StrX_6]
0044A04C	6	BuildingClass_Selling_TransferAE	TechnoExtHook.cpp:1368	8B	0x44A04C: mov     eax, [ebp+214h]; Kratos Hook 0x44A04C: EBP=源建筑(this), EBX=新载具。建筑已 Remove、载具已 Put、建筑尚未 UnInit。	EAX	mov     [ebx+214h], eax
00711835	5	TechnoTypeClass_CTOR	TechnoTypeExtHook.cpp:10	8B 5F 5E 5D	0x711835: mov     eax, esi || 0x711837: pop     edi || 0x711838: pop     esi || 0x711839: pop     ebp	EAX	pop     ebx
00711AE0	5	TechnoTypeClass_DTOR	TechnoTypeExtHook.cpp:21	51 53 56 8B	0x711AE0: push    ecx || 0x711AE1: push    ebx || 0x711AE2: push    esi || 0x711AE3: mov     esi, ecx	ESI	xor     ebx, ebx
00716DC0	5	TechnoTypeClass_SaveLoad_Prefix	TechnoTypeExtHook.cpp:30	8B 56	0x716DC0: mov     eax, [esp+a4] || 0x716DC4: push    esi	EAX	mov     esi, [esp+4+pStm]
007162F0	6	TechnoTypeClass_SaveLoad_Prefix	TechnoTypeExtHook.cpp:31	81	0x7162F0: sub     esp, 210h	ESP	push    ebx
00716DAC	10	TechnoTypeClass_Load_Suffix	TechnoTypeExtHook.cpp:41	5F 5E 5D 5B 81	0x716DAC: pop     edi || 0x716DAD: pop     esi || 0x716DAE: pop     ebp || 0x716DAF: pop     ebx || 0x716DB0: add     esp, 210h	EDI	retn    8
00717094	5	TechnoTypeClass_Save_Suffix	TechnoTypeExtHook.cpp:48	5F 5E C2	0x717094: pop     edi || 0x717095: pop     esi || 0x717096: retn    0Ch	EDI	db 7 dup(90h)
00716132	5	TechnoTypeClass_LoadFromINI	TechnoTypeExtHook.cpp:55	5F 5E 5D 32	0x716132: pop     edi || 0x716133: pop     Rules_INI || 0x716134: pop     ebp || 0x716135: xor     al, al	EDI	pop     Section
00716123	5	TechnoTypeClass_LoadFromINI	TechnoTypeExtHook.cpp:56	B0 5F 5E 5D	0x716123: mov     al, 1 || 0x716125: pop     edi || 0x716126: pop     Rules_INI || 0x716127: pop     ebp	AL	pop     Section
0071C94C	10	TerrainClass_Remove_PlayDestroyAnim	TerrainExtHook.cpp:13	56 51 8B FF	0x71C94C: push    esi || 0x71C94D: push    ecx || 0x71C94E: mov     ecx, edi || 0x71C950: call    dword ptr [eax+1B8h]	ECX	mov     ebx, [eax]
0071BB2C	6	TerrainClass_TakeDamage_NowDead_Add	TerrainExtHook.cpp:14	8B 8D	0x71BB2C: mov     edx, [esi] || 0x71BB2E: lea     eax, [esp+3Ch+a1]	EDX	push    0; a4
0071DBC0	7	TerrainTypeClass_CTOR	TerrainTypeExtHook.cpp:10	8B 5E 5B C2	0x71DBC0: mov     eax, esi || 0x71DBC2: pop     esi || 0x71DBC3: pop     ebx || 0x71DBC4: retn    4	EAX	db 9 dup(90h)
0071E364	6	TerrainTypeClass_SDDTOR	TerrainTypeExtHook.cpp:25	8B	0x71E364: mov     eax, [esi+0A4h]	EAX	mov     dword ptr [esi], offset TerrainTypeClass::`vftable'{for `TerrainTypeClass'}
0071E1D0	5	TerrainTypeClass_SaveLoad_Prefix	TerrainTypeExtHook.cpp:34	8B 56	0x71E1D0: mov     eax, [esp+arg] || 0x71E1D4: push    esi	EAX	mov     esi, [esp+4+object]
0071E240	8	TerrainTypeClass_SaveLoad_Prefix	TerrainTypeExtHook.cpp:35	8B 8B	0x71E240: mov     eax, [esp+arg_8] || 0x71E244: mov     ecx, [esp+arg_4]	EAX	mov     edx, [esp+arg_0]
0071E235	5	TerrainTypeClass_Load_Suffix	TerrainTypeExtHook.cpp:45	5E C2 90	0x71E235: pop     esi || 0x71E236: retn    8 || 0x71E239: db 7 dup(90h)	ESI	db 7 dup(90h)
0071E25A	5	TerrainTypeClass_Save_Suffix	TerrainTypeExtHook.cpp:52	C2 90	0x71E25A: retn    0Ch || 0x71E25D: db 2 dup(90h)		nop
0071E0A6	5	TerrainTypeClass_LoadFromINI	TerrainTypeExtHook.cpp:59	5D 5E B0 5B	0x71E0A6: pop     ebp || 0x71E0A7: pop     esi || 0x71E0A8: mov     al, 1 || 0x71E0AA: pop     ebx	EBP	add     esp, 204h
006FF8F1	6	TechnoClass_DeployFire	UnitExtHook.cpp:24	8A	0x6FF8F1: mov     al, [ebx+WeaponTypeClass.FireOnce]	AL	test    al, al
006FF923	6	TechnoClass_DeployFire_FireOnce	UnitExtHook.cpp:41	8B 6A 8B	0x6FF923: mov     edx, [this] || 0x6FF925: push    0; target || 0x6FF927: mov     ecx, this; this	EDX	call    [edx+vt_TechnoClass.SetTarget]
00739C7A	6	UnitClass_SimpleDeployer_Deployed	UnitExtHook.cpp:53	8B	0x739C7A: mov     ecx, [eax+56Ch]	ECX	pop     ebx
006F3B5C	6	UnitClassClass_GetFLH_UnbindTurret	UnitExtHook.cpp:66	0F	0x6F3B5C: jz      loc_6F3C1A		test    byte ptr [ebx+14h], 4
006F3D2F	5	UnitClassClass_GetFLH_OnTarget	UnitExtHook.cpp:88	8B 8B	0x6F3D2F: mov     ecx, [eax] || 0x6F3D31: mov     edx, [eax+4]	ECX	mov     eax, [eax+8]
00738749	6	UnitClass_Destroy_Explosion_Remap	UnitExtHook.cpp:102	8D	0x738749: lea     ebp, [esi+33Ch]	EBP	mov     ecx, ebp; this
00738801	6	UnitClass_Destroy_DestroyAnim_Remap	UnitExtHook.cpp:114	8B	0x738801: mov     eax, [esi+6C4h]	EAX	mov     ecx, [eax+758h]
006F4222	7	TechnoClass_Init_PermaDisguise	UnitExtHook.cpp:130	C6	0x6F4222: mov     [esi+_TechnoClass.t.IsDisguised], 1	[ESI+_TECHNOCLASS.T.ISDISGUISED]	mov     [esi+_TechnoClass.t.DisguisedAsHouse], eax
007466D8	10	UnitClass_Set_Disguise	UnitExtHook.cpp:204	8B 8B FF	0x7466D8: mov     edx, [esi] || 0x7466DA: mov     ecx, esi || 0x7466DC: call    dword ptr [edx+0C4h]	EDX	test    al, al
00746AFF	10	UnitClass_Disguise_Update_MoveToClear	UnitExtHook.cpp:224	8B 8B FF	0x746AFF: mov     edx, [esi] || 0x746B01: mov     ecx, esi || 0x746B03: call    dword ptr [edx+470h]	EDX	jmp     short loc_746A9C
00746B6D	5	UnitClass_Disguise_FullName	UnitExtHook.cpp:236	E8	0x746B6D: call    TechnoClass_HasMultipleTurrets		test    al, al
00736A26	6	UnitClass_Rotation_SetTurretFacingToTarget_Skip	UnitExtHook.cpp:260	8D	0x736A26: lea     ecx, [esi+3A0h]	ECX	push    edx
00736BCA	5	UnitClass_Rotation_SetTurretFacing_NoTargetAndStanding	UnitExtHook.cpp:280	8D 51	0x736BCA: lea     ecx, [esp+14h+a2] || 0x736BCE: push    ecx; arg	ECX	lea     ecx, [esi+388h]; Facing
00736BBB	5	UnitClass_Rotation_SetTurretFacing_NoTargetAndMoving	UnitExtHook.cpp:301	50 8D	0x736BBB: push    eax || 0x736BBC: lea     eax, [esp+18h+a2]	EAX	push    eax
00736B7E	10	UnitClass_Rotation_SetTurretFacing_Skip	UnitExtHook.cpp:322	8B 8B FF	0x736B7E: mov     edx, [esi] || 0x736B80: mov     ecx, esi || 0x736B82: call    dword ptr [edx+3F4h]	EDX	mov     edi, eax
0073CD01	5	UnitClass_Draw_ChangeTurret_SHPIFV	UnitExtHook.cpp:334	8B 8D	0x73CD01: mov     ecx, ebp; this || 0x73CD03: lea     eax, [eax+edx*8]	ECX	push    eax; frameCount
0073C71D	6	UnitClass_DrawSHP_FacingDir	UnitExtHook.cpp:373	03	0x73C71D: add     edx, [ecx+UnitTypeClass.StartWalkFrame]; StartWalkFrame	EDX	mov     ebx, edx
0073C655	6	UnitClass_DrawSHP_TechnoType	UnitExtHook.cpp:409	8B	0x73C655: mov     ecx, [ebp+UnitClass.UnitType]	ECX	movsx   esi, [ecx+UnitTypeClass.FiringFrames]; FiringFrames
0073C69D	6	UnitClass_DrawSHP_TechnoType2	UnitExtHook.cpp:422	8B	0x73C69D: mov     ecx, [ebp+6C4h]	ECX	mov     eax, [ecx+UnitTypeClass.t.IdleRate]; IdleRate
0073C702	6	UnitClass_DrawSHP_TechnoType3	UnitExtHook.cpp:441	8B	0x73C702: mov     ecx, [ebp+UnitClass.UnitType]	ECX	mov     eax, [ebp+UnitClass.f.CurrentWalkingFrame]
0073C725	6	UnitClass_DrawSHP_HasTurret	UnitExtHook.cpp:454	8A	0x73C725: mov     al, [ecx+UnitTypeClass.t.Turret]; Turret	AL	test    al, al
0073B765	5	UnitClass_DrawVoxel_TurretFacing	UnitExtHook.cpp:470	8B 8B	0x73B765: mov     edx, [eax] || 0x73B767: mov     eax, [ebp+0]	EDX	shr     edx, 0Ah
0073BA78	6	UnitClass_DrawVoxel_TurretFacing	UnitExtHook.cpp:471	8B 8D	0x73BA78: mov     ecx, [eax] || 0x73BA7A: lea     edx, [esp+1C0h+var_1A0]; arg	ECX	shr     ecx, 0Ah
0073BD8B	5	UnitClass_DrawVoxel_TurretFacing	UnitExtHook.cpp:472	8B C1	0x73BD8B: mov     eax, [eax] || 0x73BD8D: shr     eax, 0Dh	EAX	inc     eax
0073BDA3	5	UnitClass_DrawVoxel_TurretFacing	UnitExtHook.cpp:473	8B C1	0x73BDA3: mov     edx, [eax] || 0x73BDA5: shr     edx, 0Dh	EDX	inc     edx
0073B8DB	8	UnitClass_DrawVoxel_HasChargeTurret	UnitExtHook.cpp:491	C7	0x73B8DB: mov     dword ptr [esp+1Ch], 0	DWORD	call    TechnoClass_HasMultipleTurrets
0073BA53	7	UnitClass_DrawVoxel_HasChargeTurret2	UnitExtHook.cpp:512	8D	0x73BA53: lea     ecx, [esp+1C4h+var_12C]	ECX	fmul    dbl_B1D008
0073BC1D	7	UnitClass_DrawVoxel_HasChargeTurret2	UnitExtHook.cpp:513	8D	0x73BC1D: lea     edi, [esp+1C0h+a8]	EDI	rep movsd
00706724	5	TechnoClass_Draw_VXL_Disguise_Blit_Flags	UnitExtHook.cpp:536	8B 8B	0x706724: mov     eax, [ebp+0] || 0x706727: mov     ecx, ebp	EAX	call    dword ptr [eax+2Ch]
0073C485	8	UnitClass_Draw_Voxel_Shadow_WO_Skip	UnitExtHook.cpp:543	85 8B	0x73C485: test    eax, eax || 0x73C487: mov     eax, [ebp+674h]	EAX	jle     loc_73C52A; spd = 0x1BC
00700E8B	6	TechnoClass_CanDeploy_Carryall_Drop	UnitExtHook.cpp:562	8B	0x700E8B: mov     eax, [esi+2E4h]	EAX	test    eax, eax
0073D6F8	6	UnitClass_Mission_Unload_Transporter	UnitExtHook.cpp:580	8B	0x73D6F8: mov     eax, [esi+UnitClass.f.t.r.m.MissionStatus]	EAX	cmp     eax, 4; switch 5 cases
0073D6E6	6	UnitClass_Mission_Unload_Carryall_Drop	UnitExtHook.cpp:606	8B	0x73D6E6: mov     eax, [esi+UnitClass.UnitType]	EAX	cmp     [eax+UnitTypeClass.t.Passengers], ebx
0073D6EC	6	UnitClass_Mission_Unload_Carryall_Drop	UnitExtHook.cpp:607	39	0x73D6EC: cmp     [eax+UnitTypeClass.t.Passengers], ebx		jle     loc_73DCD3
0074041B	5	UnitClass_WhatAction_Carryall_Lifting	UnitExtHook.cpp:629	83 75	0x74041B: cmp     ebx, 5 || 0x74041E: jnz     short loc_74043B		mov     edx, [esi]
0074000B	6	UnitClass_WhatAction_Carryall_Droping	UnitExtHook.cpp:650	8A	0x74000B: mov     cl, [eax+0E13h]	CL	test    cl, cl
0073FFF4	8	UnitClass_WhatAction_TransportHover	UnitExtHook.cpp:662	C7	0x73FFF4: mov     [esp+20h+a3], 1Eh	[ESP+20H+A3]	test    edi, edi
007388FD	5	UnitClass_ActionClick_Carryall	UnitExtHook.cpp:676	53 57 51 8B	0x7388FD: push    ebx; a4 || 0x7388FE: push    edi; this || 0x7388FF: push    ecx; act || 0x738900: mov     ecx, esi; this	ECX	call    FootClass_ClickedMission
0073CF16	7	UnitClass_Draw_It_Carryall_HightOffset	UnitExtHook.cpp:698	83 89	0x73CF16: add     edi, 0Eh || 0x73CF19: mov     [esp+50h+var_38.Z], edi	EDI	mov     edx, [esi]
0073D317	6	UnitClass_Draw_It	UnitExtHook.cpp:723	8A	0x73D317: mov     al, [edi+_ObjectTypeClass.o.Voxel]	AL	test    al, al
004DB157	8	FootClass_DrawVoxel_Shadow_Carryall	UnitExtHook.cpp:755	8B 8B	0x4DB157: mov     eax, [esp+18h+a11] || 0x4DB15B: mov     ecx, [esp+18h+a10]	EAX	mov     edx, [esp+18h+a9]
00749951	12	VoxelAnimClass_CTOR	VoxelAnimExtHook.cpp:14	89 C7	0x749951: mov     [esi+140h], ebx || 0x749957: mov     dword ptr [esi], offset VoxelAnimClass::`vftable'{for `VoxelAnimClass'}	[ESI+140H]	mov     dword ptr [eax], offset VoxelAnimClass::`vftable'{for `IRTTITypeInfo'}
0074942E	12	VoxelAnimClass_CTOR	VoxelAnimExtHook.cpp:15	89 C7	0x74942E: mov     [esi+140h], ebx || 0x749434: mov     dword ptr [esi], offset VoxelAnimClass::`vftable'{for `VoxelAnimClass'}	[ESI+140H]	mov     dword ptr [eax], offset VoxelAnimClass::`vftable'{for `IRTTITypeInfo'}
007499F1	5	VoxelAnimClass_DTOR	VoxelAnimExtHook.cpp:24	56 8B B2	0x7499F1: push    esi || 0x7499F2: mov     esi, ecx || 0x7499F4: mov     dl, 1	ESI	mov     dword ptr [esi], offset VoxelAnimClass::`vftable'{for `VoxelAnimClass'}
0074A970	5	VoxelAnimClass_SaveLoad_Prefix	VoxelAnimExtHook.cpp:33	8B 56	0x74A970: mov     eax, [esp+pStm.lpVtbl] || 0x74A974: push    esi	EAX	mov     esi, [esp+4+this]
0074AA10	8	VoxelAnimClass_SaveLoad_Prefix	VoxelAnimExtHook.cpp:34	8B 8B	0x74AA10: mov     eax, [esp+a4] || 0x74AA14: mov     ecx, [esp+pStm]	EAX	mov     edx, [esp+this]
0074A9FB	7	VoxelAnimClass_Load_Suffix	VoxelAnimExtHook.cpp:44	8B 5F 5E C2	0x74A9FB: mov     eax, edi || 0x74A9FD: pop     edi || 0x74A9FE: pop     esi || 0x74A9FF: retn    8	EAX	db 0Eh dup(90h)
0074AA24	5	VoxelAnimClass_Save_Suffix	VoxelAnimExtHook.cpp:50	C2 90	0x74AA24: retn    0Ch || 0x74AA27: db 9 dup(90h)		db 9 dup(90h)
0074AEB0	11	VoxelAnimTypeClass_CTOR	VoxelAnimTypeExtHook.cpp:10	88 A1	0x74AEB0: mov     [esi+235h], bl || 0x74AEB6: mov     eax, vec_Abstracts_1.count	[ESI+235H]	mov     ecx, vec_Abstracts_1.length
0074BA31	5	VoxelAnimTypeClass_DTOR	VoxelAnimTypeExtHook.cpp:21	56 8B B2	0x74BA31: push    esi || 0x74BA32: mov     esi, ecx || 0x74BA34: mov     dl, 1	ESI	mov     dword ptr [esi], offset VoxelAnimTypeClass::`vftable'{for `VoxelAnimTypeClass'}
0074B810	5	VoxelAnimTypeClass_SaveLoad_Prefix	VoxelAnimTypeExtHook.cpp:29	8B 56	0x74B810: mov     eax, [esp+arg] || 0x74B814: push    esi	EAX	mov     esi, [esp+4+object]
0074B8D0	8	VoxelAnimTypeClass_SaveLoad_Prefix	VoxelAnimTypeExtHook.cpp:30	8B 8B	0x74B8D0: mov     eax, [esp+arg_8] || 0x74B8D4: mov     ecx, [esp+arg_4]	EAX	mov     edx, [esp+arg_0]
0074B8C2	5	VoxelAnimTypeClass_Load_Suffix	VoxelAnimTypeExtHook.cpp:40	5E C2 90	0x74B8C2: pop     esi || 0x74B8C3: retn    8 || 0x74B8C6: db 0Ah dup(90h)	ESI	db 0Ah dup(90h)
0074B8EA	5	VoxelAnimTypeClass_Save_Suffix	VoxelAnimTypeExtHook.cpp:46	C2 90	0x74B8EA: retn    0Ch || 0x74B8ED: db 3 dup(90h)		db 3 dup(90h)
0074B607	5	VoxelAnimTypeClass_LoadFromINI	VoxelAnimTypeExtHook.cpp:52	B0 5F 5E 5B	0x74B607: mov     al, 1 || 0x74B609: pop     edi || 0x74B60A: pop     esi || 0x74B60B: pop     ebx	AL	mov     esp, ebp
0074B561	5	VoxelAnimTypeClass_LoadFromINI	VoxelAnimTypeExtHook.cpp:53	B0 5F 5E 5B	0x74B561: mov     al, 1 || 0x74B563: pop     edi || 0x74B564: pop     esi || 0x74B565: pop     ebx	AL	mov     esp, ebp
0074B54A	5	VoxelAnimTypeClass_LoadFromINI	VoxelAnimTypeExtHook.cpp:54	B0 5F 5E 5B	0x74B54A: mov     al, 1 || 0x74B54C: pop     edi || 0x74B54D: pop     esi || 0x74B54E: pop     ebx	AL	mov     esp, ebp
0074B51B	5	VoxelAnimTypeClass_LoadFromINI	VoxelAnimTypeExtHook.cpp:55	B0 5F 5E 5B	0x74B51B: mov     al, 1 || 0x74B51D: pop     edi || 0x74B51E: pop     esi || 0x74B51F: pop     ebx	AL	mov     esp, ebp
0074B4F0	5	VoxelAnimTypeClass_LoadFromINI	VoxelAnimTypeExtHook.cpp:56	B0 5F 5E 5B	0x74B4F0: mov     al, 1 || 0x74B4F2: pop     edi || 0x74B4F3: pop     esi || 0x74B4F4: pop     ebx	AL	mov     esp, ebp
0075D1A9	7	WarheadTypeClass_CTOR	WarheadTypeExtHook.cpp:12	5F 5E 5D 5B C2	0x75D1A9: pop     edi || 0x75D1AA: pop     esi || 0x75D1AB: pop     ebp || 0x75D1AC: pop     ebx || 0x75D1AD: retn    4	EDI	mov     eax, [esp+a2]
0075E5C8	6	WarheadTypeClass_SDDTOR	WarheadTypeExtHook.cpp:23	8B	0x75E5C8: mov     eax, [esi+1ACh]	EAX	push    ebx
0075E2C0	5	WarheadTypeClass_SaveLoad_Prefix	WarheadTypeExtHook.cpp:32	8B 56	0x75E2C0: mov     eax, [esp+a4] || 0x75E2C4: push    esi	EAX	mov     esi, [esp+4+pStm]
0075E0C0	8	WarheadTypeClass_SaveLoad_Prefix	WarheadTypeExtHook.cpp:33	53 55 56 57 8B	0x75E0C0: push    ebx || 0x75E0C1: push    ebp || 0x75E0C2: push    esi || 0x75E0C3: push    edi || 0x75E0C4: mov     edi, [esp+10h+a2]	EDI	mov     eax, [edi+18Ch]
0075E2AE	7	WarheadTypeClass_Load_Suffix	WarheadTypeExtHook.cpp:43	5F 5E 5D 5B C2	0x75E2AE: pop     edi || 0x75E2AF: pop     esi || 0x75E2B0: pop     ebp || 0x75E2B1: pop     ebx || 0x75E2B2: retn    8	EDI	db 0Bh dup(90h)
0075E39C	5	WarheadTypeClass_Save_Suffix	WarheadTypeExtHook.cpp:50	5F 5E C2	0x75E39C: pop     edi || 0x75E39D: pop     esi || 0x75E39E: retn    0Ch	EDI	db 0Fh dup(90h)
0075DEAF	5	WarheadTypeClass_LoadFromINI	WarheadTypeExtHook.cpp:57	5F 5E 5D 32	0x75DEAF: pop     edi || 0x75DEB0: pop     esi || 0x75DEB1: pop     ebp || 0x75DEB2: xor     al, al	EDI	pop     ebx
0075DEA0	5	WarheadTypeClass_LoadFromINI	WarheadTypeExtHook.cpp:58	B0 5F 5E 5D	0x75DEA0: mov     al, 1 || 0x75DEA2: pop     edi || 0x75DEA3: pop     esi || 0x75DEA4: pop     ebp	AL	pop     ebx
0048A551	6	WarheadTypeClass_AnimList_SplashList	WarheadTypeExtHook.cpp:71	8B	0x48A551: mov     esi, RulesData	ESI	mov     ecx, [esi+(RulesClass+0BD0h)]
006FD446	7	TechnoClass_LaserZap_IsSingleColor	WeaponExtHook.cpp:34	5F 5E 5D 5B 83	0x6FD446: pop     edi || 0x6FD447: pop     esi || 0x6FD448: pop     ebp || 0x6FD449: pop     ebx || 0x6FD44A: add     esp, 38h	EDI	retn    10h
006FF08B	6	TechnoClass_Fire_RecordBullet	WeaponExtHook.cpp:66	8B	0x6FF08B: mov     edx, [ebx+BulletClass.Type]	EDX	mov     al, [edx+BulletTypeClass.Inviso]
006FF15F	6	TechnoClass_FireAt_ObstacleCellSet	WeaponExtHook.cpp:86	8A	0x6FF15F: mov     al, [ebx+WeaponTypeClass.UseFireParticles]	AL	test    al, al
006FD70D	6	TechnoClass_DrawSth_DrawToInvisoFlakScatterLocation	WeaponExtHook.cpp:103	8B 8B	0x6FD70D: mov     ecx, [eax] || 0x6FD70F: mov     ebp, [esp+4Ch+mode]	ECX	mov     [esp+4Ch+var_24.X], ecx
006FD514	7	TechnoClass_DrawSth_DrawToInvisoFlakScatterLocation	WeaponExtHook.cpp:104	8B 8B 8B	0x6FD514: mov     ecx, eax || 0x6FD516: mov     eax, [ecx] || 0x6FD518: mov     edi, [ecx+4]	ECX	mov     ebp, [ecx+8]
006FD38D	7	TechnoClass_DrawSth_DrawToInvisoFlakScatterLocation	WeaponExtHook.cpp:105	8B 6A 8B	0x6FD38D: mov     esi, [eax] || 0x6FD38F: push    5Ch ; '\'; unsigned int || 0x6FD391: mov     ebp, [eax+4]	ESI	mov     ebx, [eax+8]
006FF43F	6	TechnoClass_FireAt_TargetSet	WeaponExtHook.cpp:134	8A	0x6FF43F: mov     al, [ebx+WeaponTypeClass.IsSonic]	AL	test    al, al
006FF660	6	TechnoClass_FireAt_ObstacleCellUnset	WeaponExtHook.cpp:153	8B 6A 8B	0x6FF660: mov     edx, [this] || 0x6FF662: push    2; Layer || 0x6FF664: mov     ecx, this; this	EDX	call    [edx+vt_TechnoClass.r.m.o.Mark]
00771EE9	5	WeaponTypeClass_CTOR	WeaponTypeExtHook.cpp:10	8B 5F 5E 5B	0x771EE9: mov     eax, esi || 0x771EEB: pop     edi || 0x771EEC: pop     esi || 0x771EED: pop     ebx	EAX	retn    4
0077311D	6	WeaponTypeClass_SDDTOR	WeaponTypeExtHook.cpp:21	89	0x77311D: mov     [esi+0A0h], ebx	[ESI+0A0H]	mov     [esi+0ACh], ebx
00772EB0	5	WeaponTypeClass_SaveLoad_Prefix	WeaponTypeExtHook.cpp:30	8B 56	0x772EB0: mov     eax, [esp+a4] || 0x772EB4: push    esi	EAX	mov     esi, [esp+4+pStm]
00772CD0	7	WeaponTypeClass_SaveLoad_Prefix	WeaponTypeExtHook.cpp:31	55 56 57 8B	0x772CD0: push    ebp || 0x772CD1: push    esi || 0x772CD2: push    edi || 0x772CD3: mov     edi, [esp+0Ch+object]	EDI	mov     eax, [edi+0BCh]
00772EA6	6	WeaponTypeClass_Load_Suffix	WeaponTypeExtHook.cpp:41	5F 5E 5D C2	0x772EA6: pop     edi || 0x772EA7: pop     esi || 0x772EA8: pop     ebp || 0x772EA9: retn    8	EDI	db 4 dup(90h)
00772F8C	5	WeaponTypeClass_Save_Suffix	WeaponTypeExtHook.cpp:48	5F 5E C2	0x772F8C: pop     edi || 0x772F8D: pop     esi || 0x772F8E: retn    0Ch	EDI	db 0Fh dup(90h)
007729C7	5	WeaponTypeClass_LoadFromINI	WeaponTypeExtHook.cpp:55	B0 5F 5E 5D	0x7729C7: mov     al, 1 || 0x7729C9: pop     edi || 0x7729CA: pop     esi || 0x7729CB: pop     ebp	AL	pop     ebx
007729D6	5	WeaponTypeClass_LoadFromINI	WeaponTypeExtHook.cpp:56	5F 5E 5D 32	0x7729D6: pop     edi || 0x7729D7: pop     esi || 0x7729D8: pop     ebp || 0x7729D9: xor     al, al	EDI	pop     ebx
007729B0	5	WeaponTypeClass_LoadFromINI	WeaponTypeExtHook.cpp:57	B0 5F 5E 5D	0x7729B0: mov     al, 1 || 0x7729B2: pop     edi || 0x7729B3: pop     esi || 0x7729B4: pop     ebp	AL	pop     ebx
